TripStartTime,PickupLon,PickupLat,DropLon,DropLat,GT_Distance,GT_Duration,OsrmDistance,OsrmDuration
11-01-13 00:10,-73.987289,40.754906,-73.975792,40.728493,None,17.45,4.0538,6.42333333333
11-01-13 00:29,-73.978539,40.727032,-73.988693,40.727264,None,7.36666666667,1.1563,2.79166666667
11-01-13 00:37,-73.988724,40.727093,-73.979561,40.677784,None,21.35,6.1557,9.59166666667
11-01-13 01:34,-73.992203,40.715145,-73.984077,40.725548,None,4.33333333333,1.5582,3.54
11-01-13 01:40,-73.984055,40.725594,-73.960541,40.659264,None,26.9166666667,8.9636,13.1183333333
11-01-13 02:25,-73.988724,40.720669,-74.000038,40.732544,None,7.63333333333,2.0853,4.75833333333
11-01-13 02:44,-74.003944,40.737839,-73.933395,40.795135,None,25.3333333333,11.0846,14.405
11-01-13 03:31,-73.967133,40.756897,-73.939148,40.752323,None,8.08333333333,4.0436,5.26166666667
11-01-13 04:19,-73.96711,40.761711,-73.992004,40.749607,None,8.46666666667,3.8895,5.80166666667
11-01-13 18:32,-73.885178,40.772861,-73.947357,40.774326,None,18.9166666667,11.8854,14.5583333333
11-01-13 19:00,-73.956177,40.77869,-73.937706,40.71381,None,26.4666666667,10.7912,13.095
11-01-13 19:52,-73.885277,40.773136,-73.991585,40.744694,None,22.3,13.8233,16.6833333333
11-01-13 20:17,-73.991249,40.745472,-74.001884,40.735168,None,7.9,1.6953,3.87833333333
11-01-13 20:27,-74.002678,40.733456,-73.986343,40.726498,None,9.63333333333,1.7725,3.78833333333
11-01-13 20:37,-73.986313,40.726433,-73.976158,40.733395,None,5.91666666667,1.4683,3.15333333333
11-01-13 20:47,-73.978561,40.729706,-73.953423,40.771038,None,12.3,5.7391,7.86
11-01-13 21:19,-73.984917,40.732525,-74.008423,40.707699,None,14.5,3.9414,8.88166666667
11-01-13 22:37,-73.885307,40.773064,-73.882103,40.755775,None,8.41666666667,2.5026,4.785
11-01-13 23:11,-73.873108,40.773968,-73.963264,40.810726,None,18.5666666667,12.4127,15.3016666667
11-02-13 00:22,-73.987122,40.764454,-73.927399,40.86578,None,18.2833333333,14.0483,11.29
11-02-13 01:06,-73.971184,40.758968,-73.9907,40.719143,None,17.65,5.3462,10.4983333333
11-02-13 01:26,-73.989334,40.718746,-73.991524,40.726376,None,8.28333333333,1.6006,3.67833333333
11-02-13 01:35,-73.991684,40.726517,-73.985443,40.735504,None,3.1,1.1352,2.55333333333
11-02-13 01:40,-73.985168,40.735458,-74.009163,40.704384,None,12.9833333333,7.0715,10.1
11-02-13 02:04,-73.989449,40.718803,-73.959534,40.716133,None,6.78333333333,3.8269,5.95833333333
11-02-13 02:34,-73.957809,40.722046,-74.011665,40.640343,None,16.1,15.5316,16.96
11-02-13 19:13,-73.8853,40.773121,-73.96701,40.788181,None,22.4833333333,13.363,16.4216666667
11-02-13 19:38,-73.969528,40.785187,-73.973953,40.763012,None,9.31666666667,3.2211,4.54166666667
11-02-13 19:49,-73.974007,40.762791,-73.991257,40.757771,None,14.9333333333,2.4557,3.51166666667
11-02-13 21:25,-73.996483,40.723709,-73.988594,40.731262,None,3.06666666667,1.1744,2.65333333333
11-02-13 21:32,-73.98806,40.728088,-73.959427,40.72245,None,16.0166666667,6.1386,9.53666666667
11-02-13 21:51,-73.957642,40.729687,-73.966904,40.677319,None,16.5833333333,7.1427,10.2266666667
11-02-13 23:07,-73.874512,40.774143,-73.97361,40.750481,None,14.6,12.8968,13.5733333333
11-02-13 23:25,-73.97319,40.750072,-73.98835,40.779579,None,15.9166666667,4.8728,5.64666666667
11-03-13 00:03,-73.946144,40.782265,-73.971642,40.795143,None,10.2666666667,3.1379,4.70333333333
11-03-13 00:26,-73.982559,40.764378,-73.97924,40.73629,None,12.25,4.3288,7.3
11-03-13 01:02,-73.958122,40.717247,-74.004333,40.730396,None,15.7,6.0632,11.4516666667
11-03-13 01:18,-73.977196,40.74313,-73.985588,40.723412,None,7.93333333333,2.704,6.14166666667
11-03-13 01:19,-74.004333,40.730553,-73.988052,40.728939,None,9.65,1.7808,4.06666666667
11-03-13 01:27,-73.985832,40.723259,-73.985085,40.738804,None,7.58333333333,2.4196,5.60666666667
11-03-13 01:31,-73.989174,40.726883,-74.002975,40.734131,None,8.13333333333,1.7406,3.79833333333
11-03-13 01:42,-73.989792,40.729954,-73.990158,40.718941,None,8.23333333333,1.504,3.55333333333
11-03-13 01:52,-73.990173,40.718983,-73.962059,40.713219,None,6.15,3.3173,5.24833333333
11-03-13 02:00,-73.994011,40.727627,-73.960495,40.758404,None,12.9,5.3658,10.4416666667
11-03-13 03:00,-73.991646,40.726513,-73.981346,40.74128,None,5.3,1.8641,4.17666666667
11-03-13 03:08,-73.978279,40.745075,-73.953362,40.81728,None,18.8666666667,11.482,11.98
11-05-13 18:29,-73.885223,40.773056,-73.972969,40.784294,None,25.5,14.0386,17.6083333333
11-05-13 18:58,-73.973824,40.784126,-74.016296,40.711262,None,20.5333333333,10.2527,14.4216666667
11-05-13 19:27,-74.010536,40.709869,-73.990181,40.750347,None,14.4666666667,5.0663,11.6316666667
11-05-13 19:47,-73.991432,40.75507,-73.976379,40.785583,None,10.2833333333,4.1603,7.67166666667
11-05-13 20:08,-73.981873,40.763554,-73.998596,40.729904,None,21.3833333333,4.9127,9.62666666667
11-05-13 20:37,-73.998299,40.722546,-73.984688,40.745529,None,10.0166666667,3.0403,6.97166666667
11-05-13 22:11,-73.885239,40.773071,-73.969589,40.750618,None,16.1,11.6406,14.3416666667
11-05-13 22:55,-73.9683,40.755272,-73.978409,40.745934,None,2.75,1.5794,2.50833333333
11-05-13 22:59,-73.978317,40.745983,-74.002541,40.744987,None,9.63333333333,3.2805,5.95666666667
11-05-13 23:13,-74.005547,40.739143,-73.978172,40.729279,None,9.85,2.7281,5.77333333333
11-05-13 23:49,-74.005585,40.739891,-74.001915,40.729618,None,4.73333333333,1.2179,2.96666666667
11-06-13 00:31,-73.967926,40.75526,-73.98761,40.728874,None,4.53333333333,3.4127,6.55333333333
11-06-13 01:52,-74.007332,40.732952,-73.948105,40.778763,None,16.7833333333,8.9019,14.1916666667
11-06-13 19:01,-73.969376,40.760513,-73.9673,40.756027,None,5.53333333333,0.7526,1.66333333333
11-06-13 19:15,-73.972809,40.755993,-73.999832,40.734467,None,22.7,4.0613,8.15166666667
11-06-13 19:58,-74.003685,40.750759,-73.97271,40.762444,None,20.0333333333,4.7907,6.81
11-06-13 20:22,-73.974747,40.762936,-73.98703,40.771049,None,9.58333333333,1.6034,2.37833333333
11-06-13 20:33,-73.986687,40.771618,-73.968575,40.796551,None,6.13333333333,3.165,4.44833333333
11-06-13 21:00,-73.97068,40.762676,-73.893898,40.739658,None,18.3,7.2399,9.37
11-06-13 22:32,-73.885376,40.773144,-73.9562,40.714226,None,12.9833333333,10.5617,12.0283333333
11-06-13 22:46,-73.95623,40.714119,-73.969635,40.784908,None,21.3833333333,12.4133,14.955
11-06-13 23:15,-73.966568,40.760937,-73.92775,40.776638,None,11.55,6.2274,8.065
11-06-13 23:45,-73.870865,40.773674,-73.984444,40.758987,None,20.2333333333,14.7055,15.8616666667
11-07-13 00:58,-73.967583,40.754868,-73.904785,40.771961,None,15.4666666667,8.2885,10.7116666667
11-07-13 19:29,-74.004463,40.749298,-73.987999,40.728813,None,17.8333333333,3.6778,7.73833333333
11-07-13 19:54,-73.976067,40.740002,-73.988914,40.734062,None,8.3,1.8722,4.20166666667
11-07-13 20:16,-73.977814,40.745907,-73.979164,40.766766,None,23.0666666667,3.2099,4.75
11-07-13 20:53,-73.979034,40.782394,-73.958801,40.763275,None,13.8,3.7805,5.34
11-07-13 21:18,-73.966827,40.756924,-73.987335,40.760284,None,14.85,2.185,3.27666666667
11-07-13 21:34,-73.987076,40.760818,-73.974396,40.74226,None,16.5333333333,3.8452,6.20333333333
11-07-13 21:52,-73.974472,40.742268,-73.976212,40.745129,None,1.8,0.4582,1.04666666667
11-07-13 22:01,-73.983704,40.74918,-74.01017,40.714581,None,11.7,4.8347,11.1333333333
11-07-13 22:16,-74.00972,40.713676,-74.004364,40.707893,None,3.06666666667,0.9471,2.145
11-07-13 22:28,-74.004265,40.719597,-73.997345,40.736687,None,9.83333333333,2.1323,4.97
11-07-13 22:38,-73.99733,40.736656,-73.982773,40.756912,None,9.96666666667,2.5669,5.68333333333
11-07-13 23:39,-73.984612,40.703239,-73.948265,40.728004,None,10.95,6.8219,9.64833333333
11-01-13 00:23,-73.979538,40.776215,-74.003899,40.720177,None,20.0,8.3712,13.55
11-01-13 00:44,-74.003685,40.720428,-74.007378,40.704926,None,6.0,2.31,5.01
11-01-13 01:12,-74.005424,40.74004,-74.015709,40.706043,None,8.0,4.5621,7.57666666667
11-01-13 01:26,-74.008858,40.725964,-73.947563,40.691704,None,16.0,7.5271,12.9583333333
11-01-13 01:49,-73.961761,40.713741,-73.983994,40.667866,None,17.0,8.4551,11.405
11-01-13 02:26,-73.994316,40.726288,-73.979088,40.746544,None,7.0,2.8332,6.47833333333
11-01-13 02:37,-73.983398,40.743515,-73.978523,40.736969,None,3.0,1.2933,3.11166666667
11-01-13 02:50,-73.997063,40.737309,-73.943161,40.72179,None,16.0,8.4545,13.2866666667
11-01-13 03:28,-73.98983,40.731819,-73.982147,40.763817,None,13.0,4.9613,8.77833333333
11-01-13 03:44,-73.974449,40.761986,-73.90873,40.761002,None,12.0,7.3245,10.895
11-01-13 04:01,-73.920502,40.753391,-73.860153,40.738377,None,18.0,7.1474,9.08666666667
11-02-13 08:53,-73.956627,40.768173,-73.962555,40.774841,None,4.0,1.2049,1.925
11-02-13 09:46,-73.989914,40.733883,-73.992287,40.749184,None,10.0,2.3706,5.32666666667
11-02-13 10:22,-73.986313,40.758591,-73.999969,40.758797,None,6.0,1.5249,2.095
11-02-13 10:39,-73.981674,40.755253,-73.997231,40.756516,None,11.0,2.0871,2.97666666667
11-02-13 10:56,-73.985291,40.763718,-73.979317,40.764729,None,2.0,0.8981,1.88833333333
11-02-13 14:26,-73.810936,40.692726,-73.969818,40.752377,None,18.0,20.3399,17.7816666667
11-02-13 14:47,-73.967918,40.752129,-73.993622,40.735352,None,7.0,3.7039,7.38833333333
11-02-13 15:16,-73.970535,40.765316,-73.960281,40.775623,None,4.0,1.5905,2.52166666667
11-02-13 15:36,-73.96463,40.770332,-73.980171,40.765472,None,9.0,1.9904,2.93833333333
11-02-13 16:36,-73.957985,40.776524,-73.970276,40.761841,None,6.0,2.1611,3.27833333333
11-02-13 16:46,-73.970139,40.763355,-73.953529,40.766949,None,5.0,2.079,2.97
11-03-13 13:11,-73.787697,40.644928,-73.992111,40.749496,None,25.0,27.8247,24.0016666667
11-03-13 13:50,-73.975098,40.748711,-73.95295,40.780117,None,8.0,4.037,5.55833333333
11-03-13 14:00,-73.949242,40.784931,-73.962181,40.763447,None,9.0,2.8803,3.89833333333
11-03-13 14:11,-73.966515,40.76511,-73.9963,40.742905,None,12.0,4.4448,7.72833333333
11-03-13 14:33,-73.992172,40.749748,-73.986816,40.742924,None,4.0,1.0663,2.43
11-03-13 15:09,-73.982391,40.772758,-73.973534,40.757923,None,14.0,2.5313,3.94166666667
11-03-13 15:25,-73.974197,40.75618,-73.99128,40.750221,None,10.0,2.2386,3.645
11-03-13 15:37,-73.991241,40.750168,-74.00827,40.73027,None,7.0,3.1164,7.055
11-03-13 15:51,-73.996262,40.725304,-73.975456,40.733002,None,6.0,2.6137,5.72166666667
11-03-13 17:39,-73.995903,40.7644,-73.991295,40.751163,None,10.0,2.2424,3.35833333333
11-03-13 18:26,-73.996254,40.759895,-74.00647,40.739662,None,10.0,3.3123,5.65666666667
11-03-13 18:38,-74.005592,40.740566,-74.002502,40.733295,None,3.0,1.2466,2.82666666667
11-03-13 18:42,-74.00132,40.732681,-73.97332,40.761051,None,11.0,4.4515,8.715
11-03-13 18:54,-73.973328,40.761127,-73.973801,40.793941,None,16.0,5.887,6.245
11-03-13 19:30,-73.952484,40.776989,-73.993279,40.757439,None,17.0,6.684,7.28666666667
11-03-13 20:38,-73.987534,40.759792,-73.976463,40.751701,None,7.0,1.6633,2.35333333333
11-03-13 20:47,-73.976318,40.751259,-73.971138,40.748001,None,3.0,0.6464,1.73666666667
11-03-13 20:53,-73.975945,40.744892,-73.985611,40.735394,None,4.0,1.5381,3.45
11-03-13 21:00,-73.98468,40.742809,-73.995598,40.730873,None,5.0,2.0553,4.89166666667
11-03-13 21:06,-73.994408,40.732307,-74.000015,40.734776,None,3.0,0.5778,1.235
11-03-13 21:10,-74.000145,40.734966,-73.983025,40.719334,None,9.0,2.8922,6.50166666667
11-03-13 21:21,-73.984856,40.719643,-73.98542,40.769489,None,15.0,8.8799,11.195
11-03-13 21:37,-73.986916,40.770203,-73.977715,40.779507,None,5.0,1.8179,3.04
11-03-13 21:44,-73.976151,40.786236,-73.968544,40.796776,None,3.0,1.3359,2.11666666667
11-03-13 22:05,-73.973045,40.753769,-73.961395,40.768734,None,4.0,2.0448,2.95166666667
11-03-13 22:36,-73.967766,40.760136,-73.994156,40.746201,None,11.0,4.2921,6.765
11-05-13 07:26,-73.812996,40.696301,-73.961945,40.805538,None,40.0,22.4266,21.2433333333
11-05-13 08:10,-73.963608,40.802784,-73.959206,40.780872,None,15.0,3.4957,5.145
11-05-13 08:59,-73.963699,40.765671,-73.981819,40.765648,None,11.0,2.2101,3.22333333333
11-05-13 09:35,-73.99585,40.733753,-73.971062,40.756512,None,19.0,3.994,8.02833333333
11-05-13 12:13,-73.997055,40.752441,-73.873001,40.774567,None,32.0,15.8709,17.6116666667
11-05-13 14:05,-74.00116,40.727489,-73.994179,40.717529,None,11.0,1.6311,3.73833333333
11-05-13 15:30,-73.976921,40.765121,-73.987007,40.775993,None,11.0,1.8359,2.75666666667
11-05-13 15:56,-73.96447,40.770275,-73.956612,40.775017,None,5.0,1.2187,2.01
11-07-13 17:25,-73.874489,40.773937,-74.177361,40.695381,None,74.0,43.8962,44.19
11-07-13 19:45,-74.005394,40.722198,-73.988777,40.743183,None,11.0,3.1479,7.20166666667
11-07-13 20:00,-73.983688,40.746769,-73.984184,40.77494,None,15.0,4.2805,6.21166666667
11-07-13 20:20,-73.98114,40.774132,-73.980942,40.751591,None,13.0,3.3898,4.82333333333
11-07-13 21:14,-73.963379,40.808903,-73.961914,40.802036,None,4.0,1.0727,1.465
11-07-13 21:42,-74.005508,40.740803,-73.974915,40.747807,None,11.0,3.8101,7.455
11-07-13 21:58,-73.975777,40.748623,-73.99128,40.750332,None,7.0,1.7214,3.10166666667
11-07-13 22:06,-73.991493,40.750103,-74.000565,40.730644,None,8.0,2.59,5.88666666667
11-07-13 22:47,-73.976158,40.745693,-73.979683,40.775333,None,12.0,4.6002,6.76666666667
11-07-13 23:39,-73.972015,40.759987,-73.988441,40.759056,None,10.0,2.2141,3.92
11-01-13 17:22,-73.97921,40.767017,-73.974739,40.790276,None,15.6666666667,2.9784,4.13333333333
11-01-13 17:42,-73.969948,40.785484,-73.946388,40.777313,None,8.51666666667,2.5693,4.43166666667
11-01-13 17:54,-73.948402,40.777905,-73.971916,40.796524,None,20.9666666667,3.7969,5.36833333333
11-01-13 18:20,-73.97094,40.79438,-73.954765,40.779121,None,8.71666666667,2.8879,3.84333333333
11-01-13 18:31,-73.95472,40.779091,-73.952934,40.768307,None,7.66666666667,1.7004,2.87
11-01-13 18:40,-73.952972,40.768227,-73.969551,40.749168,None,8.63333333333,3.8014,3.57666666667
11-01-13 18:49,-73.969551,40.749168,-73.950096,40.774525,None,13.7166666667,3.6311,5.09833333333
11-01-13 19:52,-73.981041,40.774406,-73.977066,40.743568,None,17.8833333333,4.778,7.05666666667
11-01-13 20:18,-73.980202,40.746204,-74.006798,40.736786,None,18.2166666667,3.6661,8.09
11-01-13 20:55,-73.997414,40.725533,-74.006622,40.740402,None,11.75,2.7474,5.88
11-01-13 21:35,-73.990555,40.743919,-73.983841,40.745007,None,5.18333333333,1.0523,2.33
11-01-13 21:43,-73.987579,40.739445,-74.009056,40.709736,None,10.7666666667,3.9151,8.88333333333
11-01-13 22:27,-73.995049,40.725258,-74.005096,40.739429,None,12.6,2.337,5.46166666667
11-01-13 22:41,-74.005096,40.739429,-74.001801,40.729588,None,5.75,1.2036,3.01166666667
11-01-13 22:53,-74.000854,40.723881,-73.977661,40.671715,None,19.0,6.7972,10.7483333333
11-01-13 23:19,-73.978111,40.679836,-73.984184,40.66787,None,6.05,1.6361,3.20666666667
11-01-13 23:31,-73.986702,40.668488,-73.948669,40.70974,None,27.45,7.8777,11.3733333333
11-02-13 00:45,-74.002327,40.730515,-74.005028,40.739815,None,6.55,1.4186,3.34833333333
11-02-13 01:27,-73.984558,40.767574,-73.978004,40.754791,None,7.55,2.331,3.48833333333
11-02-13 01:35,-73.978043,40.754726,-74.003029,40.733215,None,9.5,3.6626,7.65166666667
11-02-13 02:28,-73.983826,40.768173,-73.968842,40.756992,None,6.78333333333,2.1691,3.51833333333
11-02-13 03:26,-73.978439,40.748699,-73.996674,40.76506,None,12.5666666667,3.4375,4.75333333333
11-02-13 03:41,-73.996033,40.764824,-73.971596,40.759441,None,8.06666666667,2.5695,3.555
11-02-13 04:12,-73.985268,40.739075,-73.957817,40.721912,None,17.1833333333,7.2028,10.96
11-04-13 17:24,-73.95887,40.780758,-73.952148,40.791203,None,3.53333333333,1.3726,2.20333333333
11-04-13 17:34,-73.954353,40.787445,-73.950783,40.779423,None,4.98333333333,1.3297,1.815
11-04-13 17:45,-73.958054,40.769264,-73.965576,40.753426,None,6.78333333333,2.1222,3.02
11-04-13 18:14,-73.975471,40.760429,-73.982735,40.731419,None,34.0333333333,4.1772,7.49833333333
11-04-13 18:53,-73.984482,40.72821,-73.983269,40.73716,None,3.56666666667,1.3369,2.86333333333
11-04-13 18:57,-73.983528,40.737289,-74.002769,40.743923,None,9.91666666667,1.9242,4.075
11-04-13 20:49,-73.96283,40.811329,-73.950981,40.784176,None,11.4,4.4971,6.66666666667
11-04-13 21:47,-74.002441,40.739174,-73.992188,40.759087,None,8.03333333333,2.6636,6.13666666667
11-04-13 22:19,-73.981964,40.761353,-74.008759,40.71006,None,28.85,10.1057,14.015
11-05-13 00:05,-73.995827,40.724396,-73.952477,40.82336,None,22.3,13.7496,17.255
11-05-13 02:03,-73.984711,40.745541,-73.868706,40.752308,None,20.3,11.2408,13.9333333333
11-05-13 02:26,-73.868599,40.752308,-73.862099,40.750572,None,2.15,0.7912,1.99666666667
11-05-13 18:05,-73.983704,40.768059,-73.961891,40.763607,None,22.2333333333,2.2939,3.83333333333
11-05-13 18:30,-73.959206,40.763969,-73.983139,40.771294,None,12.5666666667,2.4858,3.18166666667
11-05-13 19:04,-73.971573,40.787868,-73.983643,40.750473,None,24.7666666667,5.3553,7.82833333333
11-05-13 19:36,-73.992706,40.737595,-73.973183,40.747597,None,11.25,3.1194,7.45
11-05-13 21:30,-73.863373,40.769005,-73.979286,40.693367,None,17.55,16.3849,17.7683333333
11-05-13 21:57,-73.994667,40.718781,-73.706192,40.813732,None,40.5666666667,32.6862,35.41
11-05-13 23:32,-73.987717,40.728519,-74.002228,40.7337,None,7.65,1.6298,3.555
11-06-13 00:20,-73.990234,40.729504,-73.94857,40.773815,None,13.2166666667,6.8521,9.935
11-06-13 00:44,-73.964668,40.761547,-73.966576,40.788956,None,9.41666666667,4.2318,5.89
11-06-13 01:05,-73.980133,40.765308,-73.998329,40.72031,None,12.15,6.1622,12.29
11-06-13 01:25,-73.987076,40.729378,-73.980362,40.733681,None,3.65,1.1582,2.71833333333
11-06-13 02:45,-73.993721,40.721172,-74.006493,40.73933,None,8.53333333333,3.0022,6.68
11-06-13 03:36,-73.991898,40.726013,-73.992744,40.73399,None,4.31666666667,1.1576,2.72333333333
11-06-13 17:15,-73.874718,40.773926,-73.97094,40.798622,None,30.2333333333,13.571,17.6283333333
11-06-13 17:49,-73.972542,40.794937,-73.959305,40.781246,None,7.93333333333,2.5859,3.46
11-06-13 17:59,-73.958542,40.780827,-73.946793,40.77499,None,7.48333333333,1.5718,2.69666666667
11-06-13 18:34,-73.961075,40.780449,-73.986839,40.748325,None,34.1333333333,4.3196,7.10666666667
11-06-13 19:10,-73.987045,40.748333,-74.003967,40.751762,None,10.3666666667,2.0324,4.57
11-06-13 19:22,-74.002281,40.751099,-73.995613,40.762028,None,2.9,1.5459,3.52166666667
11-06-13 19:43,-73.982407,40.760265,-73.982475,40.743896,None,20.8166666667,2.4867,5.18333333333
11-06-13 20:23,-73.992722,40.756256,-74.001427,40.746323,None,4.33333333333,1.4061,2.975
11-06-13 20:36,-73.989159,40.747849,-73.902306,40.727982,None,16.45,8.6833,10.96
11-06-13 21:43,-73.874702,40.773975,-73.952148,40.717419,None,13.1,10.9201,11.99
11-06-13 22:00,-73.954834,40.716633,-73.988495,40.726479,None,9.81666666667,4.5442,7.595
11-06-13 22:11,-73.988838,40.726601,-73.979637,40.686871,None,14.2666666667,4.9854,7.89
11-06-13 23:39,-73.986519,40.748024,-73.982285,40.736019,None,9.15,2.0504,4.54666666667
11-07-13 01:52,-73.991692,40.722378,-73.992264,40.726566,None,3.61666666667,0.5995,1.57833333333
11-07-13 02:01,-73.993149,40.725563,-73.981987,40.763042,None,13.5,5.2641,9.98833333333
11-07-13 03:21,-73.97271,40.75639,-73.993744,40.731236,None,8.75,4.0279,8.08666666667
11-07-13 03:32,-73.991798,40.730324,-74.010559,40.713699,None,7.58333333333,3.0294,6.99166666667
11-07-13 17:59,-74.003555,40.713257,-74.000664,40.717194,None,1.88333333333,0.5081,1.14833333333
11-07-13 18:16,-73.994476,40.7262,-73.979866,40.747852,None,11.7833333333,2.8396,6.35166666667
11-07-13 18:32,-73.982071,40.743465,-73.98156,40.75827,None,17.9666666667,2.2728,4.16166666667
11-07-13 18:51,-73.981483,40.758411,-73.955223,40.786324,None,13.55,4.254,6.39666666667
11-07-13 19:11,-73.95433,40.778912,-73.963585,40.761894,None,11.6833333333,2.2946,3.14666666667
11-07-13 19:24,-73.963654,40.761795,-73.993057,40.762856,None,22.2833333333,3.3626,4.72
11-07-13 20:02,-73.991974,40.738689,-73.990967,40.715088,None,21.05,3.4092,7.69833333333
11-07-13 21:23,-73.955299,40.773041,-73.961136,40.765228,None,2.6,0.9984,1.32166666667
11-07-13 22:06,-73.988167,40.725609,-74.002434,40.734509,None,14.0833333333,2.2101,5.085
11-07-13 22:21,-74.002434,40.734509,-73.973358,40.757229,None,16.05,4.2491,8.47666666667
11-07-13 22:39,-73.973198,40.755096,-74.001823,40.748512,None,22.2833333333,4.0379,6.55166666667
11-07-13 23:02,-74.00235,40.748718,-73.98349,40.730404,None,16.3666666667,3.5816,7.895
11-07-13 23:20,-73.98349,40.730404,-73.980469,40.742672,None,6.01666666667,1.7642,3.77333333333
11-07-13 23:29,-73.980621,40.743774,-73.982834,40.735359,None,6.96666666667,1.1757,2.50833333333
11-07-13 23:57,-73.964539,40.760532,-74.006195,40.739159,None,18.6333333333,6.2879,10.515
11-01-13 05:51,-73.991051,40.749458,-73.970444,40.763184,None,7.06666666667,2.9582,4.9
11-01-13 05:58,-73.970383,40.762497,-73.970406,40.755524,None,3.76666666667,1.0273,1.61166666667
11-01-13 07:06,-73.998543,40.739616,-73.962379,40.758907,None,14.6166666667,4.9743,8.355
11-01-13 07:23,-73.960938,40.764874,-73.975937,40.760208,None,8.06666666667,1.9286,2.75666666667
11-01-13 07:45,-73.981087,40.763222,-73.960564,40.776562,None,10.3166666667,2.9099,4.395
11-01-13 07:57,-73.962685,40.773232,-73.95681,40.783234,None,7.83333333333,1.3751,2.29166666667
11-01-13 08:10,-73.958984,40.783455,-73.962334,40.773556,None,8.76666666667,1.4015,2.27833333333
11-01-13 08:25,-73.968643,40.770298,-73.973915,40.764294,None,4.38333333333,0.8543,1.47833333333
11-01-13 08:48,-73.990395,40.756851,-73.983574,40.735813,None,22.45,4.0606,6.985
11-01-13 09:12,-73.984772,40.736259,-74.010361,40.720547,None,13.4333333333,3.7416,8.715
11-01-13 09:32,-74.007317,40.727413,-74.011482,40.714867,None,6.76666666667,2.2065,4.03166666667
11-01-13 09:56,-73.997498,40.736546,-73.974739,40.762981,None,15.6833333333,3.7852,7.295
11-01-13 10:46,-73.967041,40.803833,-73.98175,40.767651,None,18.45,4.3696,6.16333333333
11-01-13 11:29,-74.00145,40.756641,-73.975166,40.756207,None,32.45,3.1771,6.01
11-01-13 12:20,-73.977066,40.747116,-73.980408,40.760136,None,19.2333333333,2.0626,2.865
11-01-13 14:04,-73.953484,40.782288,-73.957214,40.772591,None,8.25,1.5903,2.455
11-01-13 14:16,-73.95993,40.773571,-73.985413,40.738686,None,17.4333333333,4.4345,7.56666666667
11-01-13 14:58,-73.981354,40.754608,-74.005333,40.740101,None,18.45,3.7507,6.97333333333
11-01-13 15:23,-74.003296,40.740162,-74.014473,40.704231,None,25.4166666667,4.868,8.28666666667
11-02-13 05:45,-74.005241,40.740608,-73.986595,40.725838,None,7.16666666667,2.8107,6.21333333333
11-02-13 06:18,-74.001717,40.750557,-73.980309,40.727104,None,12.2166666667,3.9917,8.84
11-02-13 08:58,-73.991478,40.749935,-73.95636,40.772221,None,26.0833333333,5.4497,8.20833333333
11-02-13 11:29,-73.963242,40.762432,-73.984711,40.732635,None,7.33333333333,3.776,6.47166666667
11-02-13 12:07,-73.985664,40.763184,-73.978661,40.766762,None,2.4,0.902,1.54833333333
11-02-13 12:13,-73.978348,40.766754,-73.954384,40.782246,None,12.55,3.4495,5.23
11-02-13 13:41,-73.966125,40.765083,-73.984154,40.746117,None,12.55,2.9598,5.08166666667
11-02-13 14:13,-73.974548,40.762943,-73.995956,40.732891,None,12.4,3.8722,7.61166666667
11-02-13 14:28,-73.994644,40.731426,-73.996864,40.747746,None,14.4,2.8546,6.39
11-02-13 15:34,-74.001114,40.730904,-73.99408,40.740967,None,7.41666666667,1.3063,3.06666666667
11-02-13 15:42,-73.993912,40.741268,-73.976189,40.765217,None,12.1,3.0536,5.8
11-02-13 15:57,-73.973488,40.764568,-73.955109,40.779278,None,11.5166666667,2.9755,4.155
11-02-13 16:14,-73.959763,40.766842,-73.990288,40.751358,None,16.9666666667,4.1834,6.13166666667
11-03-13 06:09,-73.99334,40.74688,-73.993851,40.745766,None,0.733333333333,0.1659,0.465
11-03-13 06:10,-73.991844,40.7449,-73.789993,40.643326,None,25.1333333333,26.668,24.345
11-03-13 09:16,-73.949394,40.742229,-73.936279,40.736259,None,7.85,2.3666,3.21166666667
11-03-13 13:19,-73.98584,40.753956,-73.776314,40.645336,None,29.3166666667,27.5144,25.575
11-03-13 15:53,-73.991653,40.724598,-74.008904,40.712425,None,10.4833333333,2.388,5.69666666667
11-03-13 16:15,-73.99427,40.72057,-73.953445,40.710739,None,5.5,3.7385,5.81166666667
11-04-13 07:15,-73.797234,40.644753,-73.969879,40.75729,None,54.0666666667,26.5815,22.0883333333
11-04-13 08:20,-73.985146,40.747494,-73.991188,40.739246,None,2.48333333333,1.0492,2.425
11-04-13 08:42,-73.993729,40.745434,-74.011604,40.714149,None,18.8833333333,5.0942,10.6783333333
11-04-13 09:20,-73.991791,40.734806,-74.013626,40.714993,None,14.0333333333,3.8914,7.735
11-04-13 13:03,-73.862907,40.76902,-73.938683,40.752625,None,19.7333333333,8.3714,11.125
11-04-13 14:37,-73.980782,40.763416,-73.994987,40.725075,None,40.25,5.2492,10.48
11-06-13 08:37,-73.991714,40.744259,-73.968361,40.761715,None,18.1666666667,3.5457,6.025
11-06-13 09:14,-73.985573,40.738552,-73.97551,40.74947,None,8.31666666667,2.0073,4.48166666667
11-06-13 09:55,-73.989967,40.747364,-73.996384,40.763226,None,15.3166666667,2.6998,4.56
11-06-13 10:13,-73.994164,40.766346,-73.905945,40.89954,None,19.9,17.5131,12.5866666667
11-06-13 11:00,-73.959831,40.813713,-73.981918,40.768703,None,19.0333333333,5.7717,8.23166666667
11-06-13 11:38,-74.000961,40.758106,-73.996445,40.75309,None,5.56666666667,0.8829,1.92
11-06-13 15:04,-73.962799,40.712059,-73.957359,40.722218,None,4.1,1.4576,3.55666666667
11-06-13 15:21,-73.993019,40.722717,-73.980919,40.741871,None,8.08333333333,2.3767,5.365
11-06-13 15:30,-73.980919,40.741871,-73.997597,40.746582,None,16.0666666667,1.8873,4.23333333333
11-06-13 15:50,-73.995476,40.749794,-73.986404,40.76836,None,16.2,2.5334,5.43833333333
11-07-13 07:46,-73.782593,40.644447,-73.861641,40.768375,None,32.8666666667,18.3897,15.74
11-07-13 09:09,-73.780998,40.644951,-73.971764,40.75293,None,47.6333333333,27.823,24.2766666667
11-07-13 11:00,-73.992065,40.728367,-73.992188,40.732883,None,2.5,0.9758,2.38666666667
11-07-13 11:22,-73.994904,40.740246,-74.004921,40.751369,None,8.41666666667,2.0152,4.40166666667
11-07-13 13:03,-73.98204,40.762852,-74.008377,40.735878,None,21.1666666667,4.4124,8.20333333333
11-07-13 13:29,-74.005562,40.740742,-73.994995,40.741341,None,6.26666666667,1.2404,2.785
11-07-13 13:49,-73.987938,40.74361,-73.876099,40.771824,None,34.9666666667,14.1126,15.7433333333
11-07-13 14:53,-73.863068,40.768948,-73.995094,40.755634,None,48.3666666667,16.4297,17.7183333333
11-07-13 15:43,-73.999245,40.757217,-73.985405,40.770393,None,12.3166666667,2.8923,4.18
11-07-13 15:57,-73.986786,40.77169,-73.976006,40.788612,None,9.35,2.1554,3.02
11-07-13 16:24,-73.965645,40.790264,-73.977119,40.774445,None,7.76666666667,2.0074,2.89
11-05-13 17:32,-73.97229,40.764584,-73.979141,40.746143,None,14.9666666667,2.6507,4.39166666667
11-05-13 19:16,-73.978142,40.783539,-73.957741,40.774307,None,7.25,2.229,3.46666666667
11-05-13 19:44,-73.970169,40.760082,-73.955154,40.78281,None,9.15,3.0508,4.82166666667
11-05-13 20:04,-73.973824,40.762493,-73.988754,40.757984,None,11.6166666667,1.902,3.195
11-05-13 20:17,-73.989174,40.757465,-73.973206,40.784351,None,10.1166666667,3.5347,6.365
11-05-13 20:36,-73.975243,40.7775,-73.977753,40.753326,None,9.23333333333,3.6082,5.64833333333
11-05-13 21:04,-73.950874,40.77932,-73.966621,40.762356,None,5.96666666667,2.5554,3.49166666667
11-05-13 22:04,-73.973946,40.759453,-73.955902,40.78479,None,6.35,3.2212,4.88333333333
11-06-13 00:44,-74.002426,40.733868,-73.973717,40.795521,None,14.1333333333,8.7519,11.19
11-06-13 02:22,-73.980377,40.766041,-73.984039,40.753063,None,5.28333333333,1.7574,3.67333333333
11-06-13 02:34,-73.997498,40.741844,-73.990944,40.715443,None,8.2,3.937,8.66333333333
11-06-13 02:50,-73.97821,40.729321,-73.981415,40.758621,None,8.46666666667,4.6194,6.965
11-01-13 00:22,-73.981094,40.742138,-73.900185,40.72916,None,16.0,8.5215,10.49
11-01-13 01:33,-73.987686,40.72261,-73.999168,40.713753,None,11.0,1.6909,3.64166666667
11-01-13 02:21,-73.924187,40.752731,-73.918999,40.743042,None,3.0,1.6159,1.93666666667
11-01-13 02:26,-73.917946,40.742901,-73.88475,40.747665,None,8.0,2.869,3.26666666667
11-01-13 03:10,-73.994858,40.760838,-73.989868,40.723263,None,18.0,5.8651,10.8716666667
11-01-13 04:40,-73.994614,40.726059,-73.943306,40.785309,None,16.0,9.0418,10.875
11-01-13 18:53,-73.96666,40.757347,-73.99173,40.744469,None,16.0,4.1106,7.37333333333
11-01-13 19:11,-73.990929,40.745522,-73.947166,40.775871,None,21.0,6.3532,9.11833333333
11-01-13 19:43,-73.949425,40.772804,-73.973579,40.751492,None,10.0,3.9695,4.66666666667
11-01-13 19:53,-73.97538,40.751999,-73.999489,40.742542,None,13.0,3.1858,6.03666666667
11-01-13 20:08,-73.996613,40.742077,-73.959686,40.713181,None,26.0,7.0005,13.8216666667
11-01-13 21:51,-73.997726,40.735806,-73.979195,40.744312,None,17.0,2.517,5.61666666667
11-01-13 22:10,-73.972626,40.753803,-73.915947,40.757492,None,14.0,6.2081,8.42666666667
11-01-13 22:46,-73.964371,40.760715,-73.981567,40.738274,None,7.0,2.9668,5.04166666667
11-01-13 22:56,-73.98703,40.740746,-74.001129,40.729321,None,7.0,2.1951,5.10333333333
11-01-13 23:05,-74.000587,40.728832,-73.975685,40.751282,None,16.0,4.0281,8.885
11-01-13 23:23,-73.977325,40.752605,-73.853027,40.715572,None,25.0,14.3269,16.3416666667
11-02-13 00:44,-73.985672,40.727158,-73.998123,40.733574,None,8.0,1.4001,2.995
11-02-13 00:53,-73.998863,40.734123,-73.990883,40.765121,None,12.0,4.7502,9.395
11-02-13 01:07,-73.988525,40.766556,-73.995918,40.720921,None,20.0,6.3758,12.125
11-02-13 02:11,-73.997185,40.722164,-73.983139,40.730553,None,7.0,1.8846,4.20666666667
11-02-13 02:28,-73.991577,40.726337,-73.982307,40.734791,None,5.0,1.4751,3.33666666667
11-02-13 02:50,-73.987854,40.728699,-73.947861,40.778412,None,9.0,7.4005,10.2216666667
11-02-13 03:39,-73.916687,40.770607,-73.859062,40.715214,None,17.0,9.4976,11.66
11-02-13 05:24,-73.985069,40.753639,-73.944679,40.751553,None,7.0,5.1279,6.78666666667
11-02-13 06:01,-73.981171,40.763535,-73.969955,40.75407,None,6.0,1.814,2.93333333333
11-02-13 18:53,-73.965202,40.759426,-73.97139,40.750965,None,4.0,1.0759,1.45833333333
11-02-13 19:07,-73.987389,40.744549,-73.979919,40.734982,None,7.0,1.8457,3.98
11-02-13 19:19,-73.979118,40.723614,-73.991554,40.726704,None,6.0,1.3616,3.31666666667
11-02-13 19:58,-73.98584,40.744083,-73.998428,40.719795,None,17.0,3.2758,7.375
11-02-13 20:19,-73.996773,40.721252,-73.985352,40.746269,None,14.0,3.278,7.515
11-02-13 21:28,-73.986839,40.725647,-73.953384,40.771507,None,13.0,6.509,9.01166666667
11-02-13 21:45,-73.945633,40.782017,-73.979378,40.72665,None,12.0,7.6995,7.64166666667
11-02-13 23:40,-73.980362,40.742577,-73.93808,40.80352,None,21.0,9.3615,10.4233333333
11-03-13 00:11,-73.967163,40.793625,-73.983681,40.734077,None,15.0,10.6108,11.6433333333
11-03-13 00:32,-73.991516,40.735249,-73.98671,40.776669,None,15.0,6.2439,10.6683333333
11-03-13 00:57,-73.981873,40.76886,-73.986229,40.737667,None,72.0,4.4367,8.14
11-03-13 01:07,-73.966667,40.756996,-73.98687,40.729633,None,6.0,3.4875,6.43333333333
11-03-13 01:12,-73.985306,40.741936,-73.954788,40.772282,None,10.0,5.2186,8.57666666667
11-03-13 01:15,-73.991516,40.726269,-73.982414,40.775013,None,19.0,7.3112,12.335
11-03-13 01:24,-73.955429,40.771149,-73.894287,40.754597,None,16.0,8.263,11.27
11-03-13 02:07,-73.985565,40.73867,-73.966789,40.760616,None,8.0,3.5165,6.185
11-03-13 02:25,-73.985535,40.738354,-74.004112,40.742718,None,8.0,1.9405,4.17166666667
11-03-13 05:54,-73.985443,40.735668,-73.978256,40.75914,None,8.0,3.6972,6.39666666667
11-04-13 19:28,-73.885757,40.773136,-73.993835,40.745934,None,24.0,13.9541,16.4966666667
11-04-13 19:56,-73.987236,40.742863,-74.00415,40.718563,None,10.0,3.4179,7.625
11-04-13 20:15,-73.99958,40.720398,-73.994148,40.726608,None,3.0,0.9638,2.155
11-04-13 20:18,-73.993538,40.727451,-73.981377,40.741356,None,7.0,1.9742,4.63
11-04-13 20:50,-73.9832,40.756432,-73.955086,40.745876,None,14.0,5.1778,7.00833333333
11-04-13 21:19,-73.952881,40.727524,-73.961769,40.710926,None,11.0,2.7654,4.88833333333
11-04-13 21:37,-73.98745,40.719887,-73.978706,40.736713,None,8.0,2.2321,4.88833333333
11-04-13 23:14,-73.979416,40.749516,-73.986565,40.737171,None,5.0,1.7893,4.27666666667
11-05-13 00:05,-73.98877,40.731052,-73.983772,40.743912,None,4.0,1.7879,4.21166666667
11-05-13 02:40,-73.992043,40.754116,-73.956932,40.774132,None,8.0,4.9012,7.16333333333
11-05-13 19:31,-73.994911,40.739887,-73.978363,40.762161,None,11.0,2.9076,5.82
11-05-13 19:47,-73.974312,40.762314,-73.995361,40.735931,None,19.0,3.5607,6.93
11-05-13 20:17,-73.983398,40.756561,-73.978493,40.734383,None,14.0,3.9628,6.53666666667
11-05-13 21:19,-73.962189,40.770321,-73.997826,40.740391,None,15.0,5.3925,9.585
11-05-13 23:56,-73.995331,40.735756,-73.966682,40.795868,None,16.0,9.2221,12.65
11-06-13 00:31,-73.970413,40.764198,-73.951859,40.798813,None,9.0,4.6352,7.46833333333
11-06-13 00:51,-73.941673,40.791809,-73.98822,40.727741,None,9.0,9.1746,9.92666666667
11-06-13 02:41,-73.983742,40.742321,-73.999275,40.730026,None,6.0,2.4263,5.60166666667
11-06-13 19:36,-74.015182,40.709278,-73.977753,40.752338,None,15.0,10.4183,12.3283333333
11-06-13 20:07,-73.99144,40.749832,-74.005806,40.74538,None,6.0,1.8843,4.14833333333
11-06-13 20:46,-73.971504,40.760475,-73.992714,40.737598,None,15.0,3.6945,6.88666666667
11-06-13 21:02,-73.990929,40.736633,-73.981163,40.768097,None,15.0,4.6245,8.89833333333
11-06-13 21:27,-73.981056,40.764614,-73.991463,40.762138,None,14.0,1.3337,2.01833333333
11-06-13 22:00,-73.972824,40.764381,-74.004959,40.73188,None,17.0,4.9044,9.70833333333
11-06-13 22:31,-73.993355,40.762589,-73.9785,40.757915,None,8.0,1.8163,2.65666666667
11-06-13 22:48,-73.974419,40.754478,-73.985085,40.739185,None,5.0,1.9288,3.77666666667
11-07-13 00:27,-73.973427,40.757175,-73.98597,40.740833,None,5.0,2.3622,4.50666666667
11-07-13 00:35,-73.982994,40.73867,-73.96109,40.709614,None,11.0,5.4,10.0033333333
11-07-13 01:04,-73.992508,40.724316,-73.961136,40.772278,None,11.0,6.1631,11.2833333333
11-07-13 01:20,-73.95565,40.772369,-73.965187,40.766071,None,4.0,1.3733,1.93166666667
11-07-13 04:43,-73.989388,40.743969,-73.984016,40.688183,None,17.0,7.1444,12.9383333333
11-07-13 18:46,-73.965973,40.758362,-73.980309,40.73872,None,12.0,2.4965,4.20666666667
11-07-13 19:02,-73.984093,40.737411,-73.976501,40.742012,None,5.0,1.1445,2.71166666667
11-07-13 19:42,-73.979324,40.760365,-73.990799,40.743889,None,15.0,2.8181,5.4
11-07-13 19:58,-73.991776,40.744236,-74.000893,40.736969,None,6.0,1.6504,3.85166666667
11-07-13 20:07,-74.006187,40.734627,-74.017166,40.711594,None,9.0,3.3671,6.33
11-07-13 20:32,-73.994179,40.751083,-73.956963,40.775501,None,18.0,5.4564,7.72166666667
11-07-13 21:17,-73.998749,40.729836,-74.008232,40.70985,None,11.0,3.1428,7.15333333333
11-07-13 22:18,-73.972076,40.760151,-73.955009,40.777435,None,7.0,2.7989,3.92333333333
11-07-13 22:49,-73.990456,40.714645,-73.94709,40.722775,None,15.0,5.2624,7.44666666667
11-07-13 23:42,-73.972443,40.755871,-73.974609,40.732964,None,11.0,3.169,4.74
11-01-13 00:09,-73.994064,40.751381,-73.988403,40.769447,None,8.03333333333,2.5351,4.86666666667
11-01-13 01:15,-74.003311,40.727123,-73.958015,40.765362,None,14.6333333333,6.9359,12.7833333333
11-01-13 01:45,-73.986145,40.740173,-73.946655,40.697464,None,25.0333333333,7.9145,14.0016666667
11-01-13 02:24,-73.992279,40.724174,-74.006744,40.729134,None,4.6,1.4147,3.27333333333
11-01-13 16:59,-73.994385,40.726418,-73.9785,40.750938,None,11.45,3.0841,6.69
11-01-13 17:12,-73.978035,40.751053,-74.006477,40.718884,None,26.8666666667,5.0307,11.3466666667
11-01-13 18:28,-73.989944,40.738598,-73.996422,40.725609,None,8.48333333333,1.6493,3.83333333333
11-01-13 18:52,-73.993988,40.736099,-73.976982,40.754284,None,18.4,3.2891,6.745
11-01-13 19:12,-73.977509,40.754639,-73.983856,40.762955,None,9.73333333333,1.7313,2.795
11-01-13 19:23,-73.982285,40.762455,-73.981689,40.748142,None,13.4833333333,2.4016,3.67833333333
11-01-13 19:37,-73.981697,40.748131,-73.928604,40.759487,None,16.3,6.3911,8.64333333333
11-01-13 20:08,-73.870918,40.773796,-73.95282,40.777466,None,13.6,12.8613,14.9683333333
11-01-13 22:19,-74.004646,40.728588,-74.005981,40.744946,None,5.6,2.3793,4.36833333333
11-01-13 22:39,-73.971893,40.750992,-73.987877,40.722984,None,10.5833333333,5.2543,7.4
11-01-13 23:39,-73.994705,40.750336,-73.996689,40.762657,None,5.15,1.917,3.35333333333
11-02-13 01:04,-73.995064,40.750076,-73.940674,40.811775,None,18.5833333333,12.37,12.405
11-02-13 01:56,-73.988983,40.733185,-74.004448,40.716091,None,6.7,2.4991,5.72833333333
11-02-13 02:54,-74.005516,40.725803,-73.967072,40.760658,None,12.75,6.0335,11.5
11-02-13 03:33,-73.989113,40.723099,-73.949394,40.827667,None,28.4333333333,16.3573,17.1983333333
11-02-13 17:01,-73.994774,40.725903,-73.962616,40.764259,None,17.35,5.2814,10.0133333333
11-02-13 17:26,-73.962601,40.769978,-73.991508,40.750305,None,18.6333333333,4.1484,6.415
11-02-13 17:46,-73.991867,40.74963,-73.981895,40.769138,None,12.25,2.7688,5.85333333333
11-02-13 18:04,-73.982269,40.768021,-73.99826,40.717102,None,36.15,6.8612,13.5183333333
11-02-13 18:42,-73.999031,40.71735,-73.995697,40.749096,None,12.55,4.116,9.095
11-02-13 18:58,-73.993813,40.751637,-73.987175,40.76091,None,6.18333333333,1.1733,2.46666666667
11-02-13 19:24,-73.988495,40.764088,-73.967247,40.757576,None,9.71666666667,2.3132,3.165
11-02-13 19:51,-73.993889,40.720928,-73.987602,40.744457,None,16.75,3.5692,8.36833333333
11-02-13 20:10,-73.989853,40.741444,-73.995811,40.73307,None,3.85,1.0583,2.40833333333
11-02-13 20:18,-73.99884,40.734154,-73.999802,40.714222,None,11.2333333333,2.9178,6.42833333333
11-02-13 21:17,-73.966064,40.762421,-73.957161,40.779289,None,3.81666666667,2.2611,3.42333333333
11-02-13 21:34,-73.952522,40.783764,-73.979683,40.764748,None,11.2333333333,4.1448,6.5
11-02-13 23:13,-73.993561,40.762325,-73.995064,40.769802,None,6.51666666667,1.238,2.19333333333
11-02-13 23:25,-73.997864,40.761417,-74.001511,40.730824,None,16.2,4.5801,8.5
11-02-13 23:43,-74.00106,40.731457,-73.977798,40.746166,None,13.4833333333,3.3128,7.43666666667
11-03-13 00:01,-73.987946,40.741035,-73.985344,40.770264,None,12.7,4.6859,7.735
11-03-13 01:01,-73.987457,40.765579,-73.990944,40.76088,None,3.1,0.5997,0.818333333333
11-03-13 01:05,-73.990929,40.76088,-73.957397,40.765507,None,13.9333333333,4.7013,6.37
11-03-13 01:26,-73.966835,40.757065,-73.949738,40.78455,None,6.66666666667,3.6702,4.96166666667
11-03-13 01:51,-73.966789,40.75705,-73.991447,40.750084,None,9.95,3.1111,4.67666666667
11-03-13 01:57,-73.989975,40.725418,-73.973297,40.751869,None,9.91666666667,3.7284,7.95
11-03-13 03:29,-73.958389,40.717213,-73.947067,40.711269,None,5.1,1.8883,2.86
11-03-13 03:44,-73.958008,40.721642,-73.942268,40.723381,None,5.56666666667,1.755,4.11833333333
11-03-13 11:33,-74.011864,40.708927,-74.002403,40.739578,None,14.4166666667,5.1195,9.13
11-03-13 12:00,-73.988167,40.751881,-73.979393,40.746262,None,3.85,1.1124,1.785
11-03-13 12:05,-73.976837,40.74519,-73.992065,40.725788,None,5.65,2.8232,6.24666666667
11-03-13 12:30,-73.985466,40.746658,-73.99025,40.740772,None,2.25,0.7679,1.8
11-03-13 12:35,-73.99263,40.737152,-73.954628,40.778133,None,12.3833333333,6.4799,11.1966666667
11-03-13 12:51,-73.946754,40.785046,-73.972382,40.764992,None,14.4333333333,3.8538,5.38833333333
11-03-13 13:10,-73.978104,40.757305,-73.977333,40.76421,None,3.26666666667,1.1788,1.99166666667
11-03-13 13:36,-74.011078,40.709663,-74.009155,40.725891,None,9.1,2.0713,4.66333333333
11-03-13 14:02,-74.007416,40.74091,-73.993401,40.737644,None,6.28333333333,1.4795,3.23166666667
11-03-13 14:45,-73.993752,40.741867,-73.998131,40.756615,None,5.48333333333,2.3867,4.36166666667
11-03-13 15:01,-73.992928,40.752922,-73.964149,40.756783,None,11.8166666667,3.479,4.57833333333
11-03-13 15:16,-73.963333,40.758244,-73.985352,40.767551,None,23.8166666667,2.1242,2.57333333333
11-03-13 16:39,-73.982407,40.762783,-73.994568,40.719608,None,18.5,6.2469,11.545
11-03-13 16:59,-73.997803,40.720955,-73.9888,40.758507,None,22.7666666667,5.4102,11.0316666667
11-03-13 17:25,-73.98838,40.75914,-73.991562,40.74942,None,9.55,1.901,3.06
11-03-13 19:10,-73.873077,40.774025,-73.957787,40.722179,None,20.55,11.1361,12.5016666667
11-03-13 19:33,-73.957954,40.721889,-73.997391,40.721546,None,12.1,5.3605,7.99166666667
11-03-13 20:47,-74.001022,40.731544,-73.991302,40.750237,None,12.0333333333,2.5202,5.84833333333
11-03-13 21:06,-73.986618,40.743,-73.981445,40.767998,None,8.41666666667,3.6755,5.93666666667
11-03-13 21:17,-73.981407,40.76495,-73.969002,40.766418,None,4.36666666667,1.4909,2.795
11-03-13 21:27,-73.976219,40.755493,-73.979164,40.742916,None,4.4,1.8006,3.50666666667
11-03-13 21:42,-73.988449,40.720161,-73.977989,40.734108,None,4.76666666667,2.1188,4.64833333333
11-03-13 22:25,-73.991264,40.750454,-73.912704,40.759949,None,23.65,8.6125,12.2966666667
11-03-13 23:36,-73.872269,40.774265,-73.983917,40.695183,None,15.1166666667,16.3949,17.4516666667
11-05-13 16:03,-73.99575,40.725117,-73.968819,40.75882,None,15.2666666667,4.5218,8.985
11-05-13 16:22,-73.970375,40.752522,-73.796997,40.644604,None,36.75,24.7999,21.0766666667
11-05-13 17:31,-73.781799,40.644817,-73.9599,40.810547,None,43.7833333333,30.1344,28.1083333333
11-05-13 18:37,-73.989334,40.763035,-73.990532,40.757481,None,3.68333333333,0.7885,1.27666666667
11-05-13 18:43,-73.987244,40.756107,-73.977448,40.747059,None,7.33333333333,1.5636,2.67333333333
11-05-13 18:54,-73.975906,40.744968,-73.987526,40.728916,None,3.78333333333,2.0364,4.42166666667
11-05-13 18:59,-73.987885,40.72847,-73.985878,40.740017,None,6.7,1.7132,4.03166666667
11-05-13 19:09,-73.984589,40.742908,-73.984268,40.725636,None,8.05,2.5496,5.84
11-05-13 19:25,-73.981026,40.734776,-73.992432,40.732971,None,5.75,1.4625,3.315
11-05-13 19:37,-73.990189,40.74659,-73.9757,40.764938,None,11.1166666667,2.4224,4.465
11-05-13 19:49,-73.975533,40.764893,-73.987419,40.758823,None,11.6166666667,2.0369,3.10666666667
11-05-13 20:29,-73.979507,40.766289,-73.975418,40.75568,None,10.1,1.7466,2.52666666667
11-05-13 20:42,-73.97715,40.755009,-73.999527,40.723259,None,14.85,4.3237,9.15166666667
11-05-13 21:26,-73.988441,40.75909,-73.983162,40.766487,None,2.21666666667,0.9353,1.96
11-05-13 21:31,-73.980263,40.765045,-73.981506,40.734154,None,16.35,4.6286,7.64
11-05-13 21:50,-73.979645,40.739067,-73.987549,40.725376,None,5.26666666667,1.8621,4.17666666667
11-05-13 22:06,-74.00766,40.740871,-73.984367,40.727283,None,9.3,2.8693,6.14833333333
11-05-13 22:19,-73.983376,40.726875,-73.979546,40.780197,None,20.5333333333,8.7076,12.9483333333
11-05-13 22:56,-73.991348,40.750103,-74.001259,40.733883,None,5.11666666667,2.0279,4.58333333333
11-05-13 23:19,-73.987679,40.71973,-73.966766,40.695702,None,9.33333333333,4.8801,8.19666666667
11-06-13 01:09,-74.003593,40.732056,-73.951988,40.769375,None,15.7333333333,7.8929,12.7883333333
11-06-13 01:39,-73.984177,40.725208,-73.985023,40.678211,None,10.7166666667,6.7574,10.8166666667
11-06-13 02:08,-73.981628,40.724602,-73.964157,40.757076,None,8.35,4.4303,7.62833333333
11-06-13 16:24,-73.99472,40.725723,-73.984383,40.765583,None,25.85,5.6472,10.45
11-06-13 17:40,-74.01239,40.702278,-74.009911,40.721039,None,10.1833333333,2.6994,4.935
11-06-13 18:29,-73.960449,40.772972,-73.993095,40.752911,None,37.9,4.6254,7.335
11-06-13 19:18,-73.983086,40.768108,-73.97554,40.754421,None,16.7833333333,2.2323,3.45
11-06-13 19:36,-73.974602,40.753803,-73.98571,40.666374,None,41.9,14.4627,18.96
11-06-13 20:40,-73.981377,40.666828,-73.954277,40.684334,None,21.6166666667,4.2631,7.93666666667
11-06-13 21:28,-73.963837,40.710293,-73.96077,40.718819,None,3.53333333333,1.2556,3.05333333333
11-06-13 22:18,-73.988663,40.722713,-74.004044,40.732899,None,6.03333333333,2.0192,4.82333333333
11-06-13 22:26,-74.003052,40.731228,-73.995476,40.767014,None,24.3833333333,5.4833,9.69666666667
11-06-13 22:53,-73.996101,40.767281,-74.017303,40.705196,None,15.2333333333,7.4317,11.8166666667
11-06-13 23:29,-74.001549,40.730602,-73.976295,40.748421,None,8.66666666667,3.718,7.59
11-06-13 23:53,-73.993629,40.751911,-73.93116,40.851257,None,17.0333333333,14.0158,13.2883333333
11-07-13 02:30,-73.999046,40.727947,-74.008865,40.709927,None,7.01666666667,2.5412,5.69666666667
11-07-13 03:05,-73.994064,40.720638,-73.96772,40.711334,None,5.86666666667,3.7399,5.93166666667
11-07-13 17:16,-73.990952,40.729858,-73.980003,40.751659,None,27.45,2.7753,6.31333333333
11-07-13 17:46,-73.979378,40.752655,-73.971077,40.766674,None,9.86666666667,1.8484,3.02333333333
11-07-13 17:59,-73.972939,40.764492,-73.955383,40.768543,None,16.7166666667,2.2269,3.275
11-02-13 06:49,-73.994164,40.722775,-73.988647,40.745247,None,9.05,3.2444,7.81166666667
11-02-13 07:07,-74.001015,40.730782,-73.991524,40.749786,None,5.66666666667,2.6809,6.21
11-02-13 07:13,-73.991707,40.749584,-73.978836,40.736973,None,5.38333333333,2.2191,5.00166666667
11-02-13 07:29,-73.974487,40.742168,-73.990952,40.755756,None,6.55,2.5709,4.00833333333
11-02-13 07:53,-73.990784,40.757427,-73.970497,40.752357,None,11.75,2.0932,3.22333333333
11-02-13 08:07,-73.973328,40.748631,-73.983566,40.785454,None,17.8833333333,6.2432,7.26333333333
11-02-13 09:49,-73.998161,40.735428,-73.976166,40.760513,None,8.26666666667,3.8426,7.57333333333
11-02-13 10:03,-73.96228,40.759003,-73.975853,40.788593,None,12.7833333333,5.1192,7.13666666667
11-02-13 10:27,-73.962425,40.79496,-73.974243,40.764774,None,13.2333333333,4.6685,7.29333333333
11-02-13 10:48,-73.965691,40.754402,-73.98558,40.751793,None,9.68333333333,2.643,4.34166666667
11-02-13 11:00,-73.983925,40.755344,-73.977882,40.773552,None,8.01666666667,2.5289,3.77166666667
11-02-13 11:31,-73.962944,40.794056,-73.962852,40.770237,None,10.65,3.7041,5.17833333333
11-02-13 11:57,-73.952499,40.772053,-73.980202,40.742592,None,7.63333333333,5.0421,5.18333333333
11-02-13 12:10,-73.976341,40.744205,-73.991508,40.726311,None,4.93333333333,2.5246,5.56666666667
11-02-13 12:19,-73.986641,40.726624,-73.982918,40.749802,None,15.7166666667,3.687,7.385
11-02-13 12:40,-73.982994,40.741985,-73.989525,40.72617,None,7.75,2.1522,4.95666666667
11-02-13 12:54,-73.986946,40.733528,-73.979591,40.741459,None,2.86666666667,1.1905,2.68666666667
11-02-13 13:25,-73.971504,40.763866,-73.983955,40.760014,None,6.83333333333,1.7335,2.61
11-02-13 13:48,-73.970558,40.764458,-73.960876,40.775806,None,2.61666666667,1.6196,2.43333333333
11-02-13 13:53,-73.963432,40.77219,-73.993904,40.735973,None,15.5,5.0718,9.10333333333
11-02-13 14:11,-73.998863,40.73225,-73.977547,40.751335,None,17.9833333333,3.4971,7.45333333333
11-02-13 14:48,-73.971481,40.761253,-73.962578,40.764778,None,6.16666666667,1.1925,1.91333333333
11-02-13 15:57,-73.961746,40.713783,-73.988983,40.71936,None,5.43333333333,3.4489,5.39166666667
11-02-13 16:06,-73.988197,40.723457,-73.989044,40.730087,None,2.95,1.0058,2.26333333333
11-02-13 16:11,-73.988564,40.731236,-73.963989,40.754707,None,11.7166666667,3.8371,7.15
11-03-13 05:19,-73.995476,40.717133,-73.885178,40.660683,None,19.9166666667,13.4927,15.7216666667
11-03-13 06:59,-73.99511,40.727455,-74.014343,40.704075,None,7.13333333333,3.0704,6.85333333333
11-03-13 07:41,-73.978493,40.719994,-73.948586,40.796635,None,14.5333333333,11.226,11.895
11-03-13 08:31,-73.977364,40.742939,-73.991516,40.748871,None,6.08333333333,1.3629,2.81
11-03-13 09:16,-73.982307,40.731384,-73.970833,40.755177,None,7.26666666667,3.2553,6.13666666667
11-03-13 09:42,-73.98114,40.737431,-73.98922,40.701962,None,11.75,5.5463,10.3316666667
11-03-13 11:20,-73.990334,40.757565,-73.981728,40.749527,None,6.08333333333,1.4838,2.84333333333
11-03-13 11:36,-73.981865,40.732395,-73.980667,40.744354,None,3.8,1.7662,3.82833333333
11-03-13 11:43,-73.982697,40.73978,-73.994766,40.750587,None,5.68333333333,2.0347,4.415
11-03-13 12:09,-73.966133,40.759754,-73.979324,40.757851,None,7.56666666667,2.1353,3.485
11-03-13 12:19,-73.982285,40.751331,-74.003983,40.725735,None,9.58333333333,3.9482,9.05166666667
11-03-13 12:30,-74.004013,40.725758,-73.999123,40.734268,None,1.48333333333,1.0351,2.39333333333
11-03-13 12:56,-73.968689,40.754795,-74.002266,40.75565,None,13.1333333333,3.8096,5.22666666667
11-03-13 13:23,-74.004616,40.741859,-73.973167,40.754105,None,11.5666666667,4.5688,8.4
11-03-13 13:35,-73.971359,40.753368,-73.99279,40.720673,None,6.21666666667,4.1933,8.65166666667
11-03-13 14:04,-73.97506,40.761993,-73.991577,40.750252,None,6.98333333333,2.3481,5.10333333333
11-03-13 14:41,-74.000107,40.738041,-73.99807,40.716953,None,8.45,2.7588,6.21666666667
11-03-13 14:50,-73.997856,40.71677,-73.976738,40.758911,None,15.3166666667,9.3043,11.9166666667
11-03-13 15:07,-73.976974,40.758762,-73.992111,40.74913,None,7.78333333333,2.1486,3.60833333333
11-03-13 16:17,-74.002403,40.739632,-73.989792,40.726379,None,7.9,2.2457,4.80833333333
11-01-13 01:05,-73.992805,40.744453,-73.960709,40.718819,None,25.85,9.1967,15.0083333333
11-01-13 01:56,-74.008568,40.719952,-73.950752,40.821678,None,19.8833333333,13.7525,16.6983333333
11-01-13 02:31,-73.981316,40.780941,-73.939583,40.847046,None,9.3,9.1166,7.93666666667
11-01-13 03:07,-73.994591,40.756016,-73.888985,40.818409,None,21.3666666667,14.7442,14.2433333333
11-01-13 18:35,-73.958374,40.810516,-73.963722,40.803078,None,2.01666666667,0.9419,1.19833333333
11-01-13 19:02,-73.980331,40.78352,-73.982948,40.772152,None,9.31666666667,1.3064,1.97666666667
11-01-13 19:16,-73.979599,40.766151,-73.972534,40.782391,None,13.3666666667,2.4106,3.70833333333
11-01-13 19:31,-73.972527,40.782249,-73.95417,40.777931,None,10.9333333333,2.7279,4.54833333333
11-01-13 19:46,-73.960068,40.773193,-73.97496,40.752308,None,8.51666666667,2.6399,3.98666666667
11-01-13 20:13,-73.957397,40.745609,-73.941154,40.747032,None,8.66666666667,1.5087,2.8
11-01-13 20:30,-73.963554,40.761906,-74.0009,40.736809,None,20.2833333333,5.3812,10.0283333333
11-01-13 21:09,-73.98381,40.740749,-74.003174,40.732887,None,13.35,2.4241,5.49
11-01-13 21:28,-73.999504,40.728352,-73.9944,40.722076,None,6.78333333333,1.2048,2.67833333333
11-01-13 21:39,-73.991707,40.729481,-74.005974,40.741203,None,11.0166666667,2.1417,4.55666666667
11-01-13 22:21,-73.955132,40.773159,-73.967979,40.759323,None,5.35,2.1955,3.31166666667
11-01-13 22:28,-73.967018,40.761002,-73.985687,40.753147,None,13.1166666667,2.8018,4.64166666667
11-01-13 22:43,-73.987846,40.753971,-74.017197,40.709282,None,17.2166666667,7.1107,12.075
11-01-13 23:06,-74.009995,40.711521,-74.003593,40.723362,None,4.65,1.5673,3.69666666667
11-01-13 23:14,-74.001717,40.724918,-73.983658,40.725941,None,9.4,2.1102,4.76333333333
11-01-13 23:25,-73.98381,40.726063,-73.985909,40.735027,None,5.53333333333,1.4102,3.15166666667
11-01-13 23:47,-73.978851,40.762196,-73.984818,40.742256,None,12.5833333333,2.9142,5.40333333333
11-02-13 00:14,-74.007111,40.743847,-73.99128,40.755737,None,3.05,2.3522,4.92833333333
11-02-13 00:18,-73.991386,40.756363,-74.005165,40.740841,None,9.6,2.8258,6.39166666667
11-02-13 00:31,-74.004219,40.738148,-74.000549,40.72253,None,9.06666666667,2.265,5.195
11-02-13 00:43,-74.001923,40.724724,-73.989517,40.757706,None,14.9833333333,4.2626,9.50666666667
11-02-13 01:20,-73.999374,40.738651,-73.977936,40.778042,None,12.1333333333,5.29,10.8866666667
11-02-13 02:01,-73.991249,40.727478,-73.994125,40.751488,None,11.6,3.45,7.83833333333
11-02-13 02:52,-73.998337,40.755795,-73.97596,40.746658,None,8.06666666667,2.1494,2.85666666667
11-02-13 04:24,-73.982147,40.771973,-73.978165,40.783329,None,2.73333333333,1.3455,1.74166666667
11-02-13 18:51,-73.973221,40.764614,-74.006844,40.734921,None,24.2166666667,5.18,10.0583333333
11-02-13 19:35,-73.974022,40.764168,-73.963333,40.775154,None,4.21666666667,1.7982,3.28333333333
11-02-13 19:40,-73.963501,40.775082,-73.998596,40.732098,None,16.8666666667,5.919,11.5183333333
11-02-13 20:02,-74.00058,40.73217,-73.987099,40.744629,None,6.86666666667,2.0881,4.76166666667
11-02-13 20:58,-73.984962,40.768726,-74.001732,40.735256,None,11.9,4.4907,8.08333333333
11-02-13 21:11,-74.002274,40.734531,-74.015839,40.715099,None,7.83333333333,2.993,5.70833333333
11-02-13 21:22,-74.01577,40.710911,-73.976753,40.74781,None,14.6,9.1832,12.265
11-02-13 21:49,-73.988594,40.748032,-73.978508,40.734364,None,11.05,2.1384,4.71166666667
11-02-13 22:17,-73.993919,40.737053,-73.996307,40.726639,None,15.25,2.1149,4.71833333333
11-02-13 22:35,-73.993645,40.72739,-73.978729,40.740765,None,8.56666666667,2.3021,5.28833333333
11-02-13 22:47,-73.986275,40.735394,-73.99868,40.745117,None,7.66666666667,1.8687,3.95333333333
11-02-13 22:58,-73.995285,40.749615,-73.979416,40.766945,None,11.8166666667,2.5495,5.14666666667
11-02-13 23:10,-73.979332,40.76696,-74.00528,40.740089,None,19.3166666667,4.259,7.48166666667
11-02-13 23:57,-73.963676,40.777134,-73.991096,40.750629,None,11.5666666667,4.2838,6.96666666667
11-03-13 00:10,-73.99115,40.750179,-73.99472,40.769363,None,16.8833333333,3.4911,5.09666666667
11-03-13 01:03,-74.003426,40.743713,-73.948792,40.777622,None,20.7833333333,7.7961,12.01
11-03-13 01:05,-74.009354,40.725899,-73.953667,40.779469,None,20.8333333333,9.1019,15.2916666667
11-03-13 01:26,-73.953461,40.779385,-73.949028,40.789276,None,1.65,1.3363,2.15
11-03-13 01:35,-73.953491,40.775448,-73.95668,40.767044,None,3.51666666667,1.2984,2.17666666667
11-03-13 01:50,-73.988449,40.736458,-73.995621,40.754646,None,9.06666666667,3.2964,6.34
11-03-13 02:32,-74.000633,40.735592,-74.004372,40.707733,None,11.5,3.7222,8.51166666667
11-03-13 03:03,-74.006874,40.744038,-74.007393,40.726524,None,7.41666666667,2.6517,5.16
11-03-13 03:20,-74.002731,40.749779,-74.008369,40.706066,None,17.2333333333,6.6767,11.8883333333
11-03-13 03:46,-74.003891,40.726143,-74.016403,40.705109,None,8.15,3.1795,6.17
11-03-13 04:52,-73.965591,40.801334,-73.790001,40.647034,None,30.2,30.7757,28.6583333333
11-03-13 18:42,-73.958542,40.810184,-73.790031,40.646896,None,40.0833333333,29.2607,26.5233333333
11-03-13 20:15,-73.939644,40.751507,-73.967133,40.756973,None,6.48333333333,2.9029,3.69666666667
11-03-13 20:45,-73.999893,40.738972,-73.987831,40.765141,None,9.83333333333,3.6396,7.89666666667
11-03-13 21:12,-73.993919,40.751598,-73.987366,40.725212,None,12.6666666667,4.6675,8.73333333333
11-03-13 22:33,-73.947083,40.780083,-73.947746,40.822548,None,12.5166666667,6.9142,8.40166666667
11-03-13 23:10,-73.996834,40.754822,-73.998505,40.735153,None,8.61666666667,3.0725,6.42833333333
11-03-13 23:25,-73.993599,40.75243,-74.00322,40.724163,None,8.28333333333,3.7768,8.42833333333
11-07-13 19:01,-73.976624,40.79034,-73.98362,40.773624,None,11.6166666667,2.3069,3.43666666667
11-07-13 19:31,-73.985313,40.757805,-73.985909,40.727684,None,18.45,4.4471,8.92833333333
11-07-13 20:10,-73.983276,40.744198,-73.987747,40.722603,None,18.95,3.2245,7.24833333333
11-07-13 20:32,-73.987854,40.721268,-73.992485,40.749149,None,19.9333333333,4.2688,9.80666666667
11-07-13 21:05,-74.00634,40.750031,-74.008209,40.737705,None,5.45,1.5281,3.01666666667
11-07-13 22:13,-73.953781,40.784458,-73.961823,40.776394,None,2.35,1.3441,2.31666666667
11-07-13 23:00,-73.980965,40.760014,-74.002075,40.733692,None,17.7666666667,4.1812,8.25166666667
11-07-13 23:18,-74.002563,40.733898,-73.985725,40.761478,None,11.5,4.0368,8.44666666667
11-07-13 23:31,-73.984482,40.76355,-73.950111,40.780403,None,13.2,4.7175,7.115
11-01-13 04:55,-73.968475,40.799679,-74.011681,40.714348,None,17.55,11.7345,15.0666666667
11-01-13 05:21,-73.999039,40.728172,-73.970238,40.694946,None,13.4833333333,5.78,9.25166666667
11-01-13 08:25,-73.782196,40.644619,-73.97551,40.762058,None,71.5833333333,28.3968,26.34
11-01-13 12:16,-73.97467,40.753143,-74.005127,40.741302,None,27.0833333333,3.9973,6.94166666667
11-01-13 16:00,-74.002892,40.723305,-74.002808,40.728535,None,3.85,0.6798,1.67666666667
11-01-13 16:04,-74.002785,40.728622,-73.985359,40.757698,None,28.7333333333,3.8051,8.145
11-01-13 19:04,-73.978096,40.786602,-73.982231,40.775974,None,9.9,1.2538,1.65666666667
11-01-13 19:17,-73.983391,40.771236,-73.984505,40.760666,None,12.15,1.5457,2.25833333333
11-01-13 19:41,-73.984657,40.757687,-74.003494,40.750763,None,16.25,2.7725,4.97833333333
11-01-13 20:00,-74.006294,40.749741,-73.989738,40.73431,None,17.75,2.8405,6.03666666667
11-01-13 20:21,-73.986794,40.734058,-74.004311,40.742455,None,11.15,1.9527,4.21833333333
11-01-13 22:07,-73.790588,40.646553,-73.980545,40.763287,None,37.6666666667,28.2599,25.7433333333
11-01-13 22:46,-73.980545,40.763287,-73.978905,40.750526,None,6.78333333333,2.0438,2.69166666667
11-01-13 22:56,-73.981522,40.749561,-73.995445,40.764694,None,13.3666666667,2.7375,3.95166666667
11-01-13 23:14,-73.988358,40.764832,-73.992172,40.725246,None,21.7333333333,5.5666,10.67
11-01-13 23:49,-74.009644,40.704704,-74.010185,40.711681,None,6.13333333333,0.9744,2.01666666667
11-01-13 23:56,-74.009628,40.712765,-73.992264,40.749004,None,10.4,4.6244,10.67
11-02-13 00:09,-73.993942,40.751102,-73.97953,40.789574,None,15.2666666667,5.7179,6.91333333333
11-02-13 00:56,-73.986191,40.730255,-73.927574,40.705097,None,28.6166666667,8.0688,11.9666666667
11-02-13 01:53,-73.98568,40.717987,-73.992126,40.72506,None,6.45,1.2668,2.85666666667
11-02-13 02:23,-73.992043,40.726021,-73.995224,40.760326,None,16.1333333333,5.147,10.3866666667
11-04-13 10:22,-73.776894,40.645374,-73.710373,40.737759,None,26.4833333333,16.5941,14.3433333333
11-04-13 11:21,-73.788895,40.647106,-73.950607,40.707714,None,36.5166666667,19.0791,19.4116666667
11-04-13 12:58,-73.801048,40.67075,-73.981247,40.75518,None,64.15,23.6538,20.9433333333
11-04-13 15:56,-73.789543,40.647072,-73.89016,40.636768,None,27.1166666667,14.7883,13.325
11-04-13 17:03,-73.786118,40.642879,-73.980423,40.764839,None,72.45,28.6976,25.9916666667
11-04-13 18:33,-73.971443,40.755047,-73.981804,40.774715,None,24.8666666667,3.3261,4.93
11-04-13 19:09,-73.989494,40.76276,-73.975342,40.735561,None,16.0833333333,4.468,6.1
11-04-13 19:42,-73.990685,40.740608,-74.004234,40.74255,None,5.56666666667,1.444,3.045
11-04-13 19:55,-74.004707,40.741764,-73.9907,40.73922,None,11.0333333333,1.7306,3.79166666667
11-04-13 20:28,-73.962463,40.763195,-73.982712,40.762474,None,6.85,2.4573,3.62833333333
11-04-13 20:36,-73.982674,40.762245,-74.004906,40.740356,None,8.76666666667,3.6053,6.49833333333
11-04-13 20:47,-74.005943,40.74004,-73.981712,40.747105,None,12.0333333333,3.1082,6.80333333333
11-04-13 21:34,-73.982712,40.755569,-73.984161,40.748932,None,4.9,0.9883,1.84666666667
11-04-13 21:48,-73.987778,40.743992,-73.986931,40.761013,None,9.86666666667,3.0032,5.53
11-04-13 22:52,-74.00975,40.720413,-74.011513,40.70821,None,4.81666666667,1.6569,3.66833333333
11-04-13 23:29,-73.985466,40.738743,-73.978653,40.761837,None,11.85,3.4421,6.04833333333
11-04-13 23:49,-73.987427,40.744331,-73.955406,40.776966,None,10.6833333333,5.3427,8.45666666667
11-05-13 00:07,-73.965111,40.761841,-73.986244,40.758324,None,11.5166666667,2.577,3.66833333333
11-05-13 00:20,-73.986732,40.758541,-73.968224,40.753151,None,7.5,2.2043,3.56333333333
11-06-13 05:20,-73.985237,40.766998,-73.781998,40.644466,None,25.35,26.4732,26.1516666667
11-06-13 07:39,-73.789749,40.646465,-73.986092,40.758518,None,84.5333333333,28.6123,25.6366666667
11-06-13 09:04,-73.985916,40.758461,-73.997299,40.72451,None,23.0333333333,5.1135,10.025
11-06-13 09:33,-74.003189,40.727821,-73.978188,40.73756,None,17.8333333333,3.2009,7.19666666667
11-06-13 09:55,-73.976768,40.743549,-73.983696,40.728455,None,9.88333333333,2.0511,4.53666666667
11-06-13 14:08,-73.937538,40.801216,-73.94693,40.797352,None,7.66666666667,1.6441,2.92333333333
11-06-13 17:13,-73.992188,40.753883,-73.98465,40.768272,None,15.1333333333,2.5938,5.07833333333
11-06-13 19:10,-73.784134,40.648628,-73.992477,40.756786,None,38.6833333333,29.0561,26.3366666667
11-06-13 19:55,-73.986145,40.760029,-74.00695,40.739498,None,20.7666666667,3.3123,6.55166666667
11-06-13 20:34,-74.009071,40.726315,-73.986687,40.766693,None,16.0833333333,6.2423,10.2733333333
11-06-13 20:52,-73.988213,40.764874,-74.004326,40.742195,None,6.03333333333,2.888,5.395
11-06-13 20:59,-74.004333,40.742199,-73.997925,40.737675,None,3.3,0.8851,1.90833333333
11-06-13 21:42,-73.964638,40.760147,-73.979996,40.739307,None,7.05,2.6547,4.355
11-06-13 21:58,-73.973351,40.752567,-73.983788,40.680431,None,26.4166666667,12.3658,15.3633333333
11-06-13 23:04,-73.986725,40.719341,-73.980911,40.737499,None,8.36666666667,2.6114,5.92666666667
11-06-13 23:15,-73.986267,40.739632,-73.98896,40.748203,None,6.38333333333,1.3492,3.10666666667
11-02-13 10:31,-74.001915,40.740444,-73.978432,40.752193,None,14.35,3.2449,6.18
11-02-13 10:48,-73.972153,40.749733,-73.99646,40.747849,None,12.5166666667,2.8916,5.1
11-02-13 12:26,-73.987297,40.752712,-74.012756,40.701836,None,21.3666666667,8.8389,10.705
11-02-13 13:37,-73.973885,40.747494,-73.980392,40.735252,None,4.0,1.6383,3.52333333333
11-02-13 13:43,-73.97937,40.735111,-73.983658,40.74892,None,9.91666666667,2.2557,5.24833333333
11-02-13 14:18,-73.995193,40.740074,-73.977104,40.743347,None,16.0666666667,2.301,5.15666666667
11-02-13 14:49,-73.995178,40.740181,-74.008141,40.73896,None,9.0,1.7574,4.045
11-02-13 15:00,-74.005997,40.739979,-74.001686,40.722713,None,12.55,2.7363,6.29333333333
11-02-13 15:53,-74.003258,40.732658,-73.99366,40.724483,None,8.71666666667,1.3689,2.985
11-02-13 16:10,-73.989853,40.718929,-73.961586,40.70977,None,4.11666666667,2.7305,4.02333333333
11-02-13 16:20,-73.951637,40.691612,-73.964279,40.693691,None,5.85,1.4473,1.68666666667
11-01-13 07:02,-73.964569,40.80336,-73.960648,40.773914,None,15.0,4.757,7.015
11-01-13 07:20,-73.960732,40.778107,-73.955994,40.77626,None,3.0,0.4725,1.28
11-01-13 07:24,-73.955551,40.776814,-73.953773,40.768471,None,4.0,1.4846,2.84
11-01-13 07:30,-73.953484,40.767357,-73.971252,40.761097,None,9.0,2.318,3.25166666667
11-01-13 07:53,-73.985771,40.773052,-73.984024,40.749321,None,13.0,3.9132,5.32
11-01-13 08:11,-73.993095,40.736702,-73.974442,40.763966,None,15.0,3.9624,7.98166666667
11-01-13 08:37,-73.969582,40.785496,-73.962646,40.811565,None,9.0,3.6091,5.23833333333
11-01-13 08:49,-73.961861,40.811031,-73.803864,40.702282,None,53.0,22.3061,22.9566666667
11-01-13 12:46,-73.98999,40.732746,-73.997253,40.729858,None,10.0,1.4954,3.56833333333
11-01-13 13:01,-73.989876,40.734043,-73.976746,40.739212,None,11.0,1.7544,3.78166666667
11-01-13 13:14,-73.976425,40.739517,-73.97583,40.751278,None,10.0,1.7494,3.315
11-01-13 14:02,-73.864799,40.770458,-73.878922,40.840126,None,22.0,15.009,17.7433333333
11-01-13 15:14,-73.977844,40.786846,-73.990334,40.756599,None,23.0,3.9857,5.89833333333
11-01-13 15:38,-73.990166,40.756973,-73.975533,40.756252,None,10.0,1.6289,3.31833333333
11-01-13 16:01,-73.959496,40.779999,-73.967056,40.806709,None,12.0,4.2457,6.05166666667
11-01-13 16:24,-73.978577,40.78598,-73.964729,40.769981,None,9.0,2.9716,5.02
11-02-13 08:12,-73.95459,40.788338,-73.960175,40.781433,None,3.0,0.9821,1.65
11-02-13 08:39,-73.970787,40.798424,-73.983292,40.762562,None,13.0,6.1562,6.44833333333
11-02-13 09:21,-73.978989,40.777584,-73.988838,40.769299,None,4.0,1.5357,2.34
11-02-13 09:42,-73.968651,40.786415,-73.95385,40.775333,None,6.0,2.0372,4.34666666667
11-02-13 10:23,-73.997032,40.742226,-73.98027,40.722141,None,14.0,3.4055,7.69166666667
11-02-13 10:38,-73.980568,40.721771,-73.949142,40.796082,None,19.0,10.9933,11.3833333333
11-02-13 11:40,-74.008415,40.720482,-73.9944,40.740623,None,10.0,2.7576,6.31666666667
11-02-13 12:21,-74.008919,40.704514,-73.978386,40.762791,None,22.0,9.9873,12.5033333333
11-02-13 13:05,-73.976517,40.788708,-73.983566,40.758984,None,38.0,4.4568,6.235
11-02-13 14:03,-73.979965,40.783653,-73.963799,40.776981,None,6.0,1.8603,3.13833333333
11-02-13 14:15,-73.953407,40.785721,-73.96447,40.770443,None,4.0,1.938,2.91833333333
11-02-13 14:20,-73.964531,40.770382,-73.961983,40.768116,None,4.0,0.6576,1.53333333333
11-02-13 14:25,-73.961922,40.768276,-73.953133,40.776241,None,4.0,1.4473,2.25666666667
11-02-13 14:48,-73.984268,40.754772,-73.988602,40.777794,None,11.0,3.4405,5.36666666667
11-02-13 15:03,-73.98127,40.781132,-73.983727,40.767994,None,7.0,1.9388,3.01333333333
11-02-13 15:24,-73.967567,40.801559,-73.941307,40.833321,None,12.0,4.4822,5.68333333333
11-02-13 15:38,-73.94281,40.82748,-73.942863,40.800102,None,14.0,3.9772,5.24166666667
11-04-13 17:07,-73.966042,40.805363,-73.953239,40.788582,None,10.0,2.9717,4.62166666667
11-04-13 17:19,-73.95253,40.789539,-73.940331,40.805611,None,4.0,2.091,2.735
11-04-13 17:32,-73.952583,40.786694,-73.964043,40.771233,None,6.0,1.9896,3.045
11-04-13 17:40,-73.964767,40.772732,-73.977562,40.788795,None,9.0,2.8027,4.49666666667
11-04-13 17:51,-73.9786,40.787498,-73.964226,40.792183,None,5.0,1.8251,2.74166666667
11-04-13 17:59,-73.960495,40.797096,-73.956642,40.802567,None,2.0,0.7207,1.17666666667
11-04-13 18:13,-73.970627,40.798901,-73.971191,40.789387,None,4.0,1.4075,2.61166666667
11-04-13 18:22,-73.97673,40.785267,-73.952744,40.778263,None,9.0,2.6828,4.21833333333
11-04-13 18:33,-73.952538,40.778175,-73.970459,40.786709,None,8.0,1.9997,3.63166666667
11-04-13 18:56,-73.966408,40.800804,-73.961609,40.810341,None,4.0,1.3103,1.895
11-04-13 19:16,-73.98114,40.781597,-73.952721,40.77243,None,13.0,3.3939,5.26666666667
11-04-13 19:35,-73.954659,40.786545,-73.960297,40.776031,None,4.0,1.5708,2.385
11-04-13 20:40,-73.974335,40.791409,-73.94323,40.815762,None,14.0,4.7324,6.14666666667
11-04-13 21:28,-73.976303,40.788319,-73.933701,40.856812,None,12.0,9.5866,9.30333333333
11-04-13 22:17,-73.975616,40.760769,-73.998306,40.723846,None,14.0,4.6634,9.54666666667
11-04-13 22:40,-73.988632,40.737247,-73.979973,40.773769,None,16.0,5.6658,9.905
11-04-13 23:00,-73.980896,40.782318,-73.919334,40.870926,None,12.0,12.3434,10.2966666667
11-04-13 23:26,-73.959549,40.81918,-73.977371,40.725967,None,29.0,13.8065,13.5033333333
11-05-13 00:07,-73.953697,40.770901,-73.826843,40.711452,None,23.0,16.5856,19.0483333333
11-05-13 00:38,-73.84462,40.722,-73.896843,40.736881,None,14.0,5.321,7.55166666667
11-05-13 01:48,-73.974403,40.791317,-73.975517,40.778667,None,6.0,2.0825,3.075
11-05-13 02:03,-73.966515,40.804226,-73.943954,40.830109,None,9.0,3.7099,4.73166666667
11-07-13 07:21,-73.975578,40.787884,-73.984665,40.748302,None,16.0,5.5552,7.67
11-07-13 08:05,-73.950546,40.775227,-73.968918,40.785206,None,12.0,2.2322,3.64833333333
11-07-13 08:19,-73.973038,40.786926,-73.966652,40.79081,None,3.0,1.2778,2.26833333333
11-07-13 08:54,-73.986046,40.768166,-74.000366,40.75864,None,11.0,2.1019,3.32
11-07-13 09:08,-73.997841,40.755981,-74.002861,40.715443,None,20.0,5.7067,11.0466666667
11-07-13 09:38,-73.990295,40.734589,-73.994949,40.750118,None,11.0,2.4943,5.415
11-07-13 09:50,-73.994949,40.750118,-73.954926,40.765293,None,30.0,5.2717,7.32
11-07-13 10:24,-73.953911,40.766342,-73.961861,40.776176,None,9.0,1.7332,2.44333333333
11-07-13 10:35,-73.963829,40.77721,-73.981377,40.78096,None,6.0,2.1794,3.73833333333
11-07-13 10:42,-73.981522,40.780991,-73.987747,40.772243,None,4.0,1.5305,2.51666666667
11-07-13 10:49,-73.984589,40.774883,-74.007629,40.743568,None,12.0,4.6729,7.48833333333
11-07-13 11:11,-74.005875,40.735874,-73.991684,40.744656,None,26.0,1.9495,4.48666666667
11-07-13 11:39,-73.991684,40.744656,-73.970818,40.761238,None,32.0,3.0968,5.42833333333
11-07-13 12:11,-73.970573,40.761398,-73.979683,40.737251,None,28.0,3.3488,5.53166666667
11-07-13 12:51,-73.976532,40.73954,-73.954544,40.769684,None,16.0,3.8321,5.55166666667
11-07-13 13:16,-73.952858,40.778431,-73.981293,40.773952,None,14.0,3.8618,5.565
11-07-13 14:29,-73.978378,40.753231,-73.969742,40.758274,None,7.0,1.327,2.07166666667
11-07-13 14:53,-73.957619,40.766087,-73.954651,40.778221,None,11.0,1.7465,2.97333333333
11-07-13 15:10,-73.957985,40.77953,-73.971909,40.782215,None,10.0,1.6329,3.05333333333
11-07-13 15:56,-73.958405,40.781399,-73.951828,40.773411,None,8.0,1.8863,3.07166666667
11-01-13 00:47,-73.987854,40.743923,-74.007256,40.742607,None,10.0,2.2798,4.885
11-01-13 01:46,-74.005737,40.745499,-73.992126,40.72736,None,11.0,3.0902,6.685
11-01-13 02:01,-73.989586,40.729954,-73.976921,40.7523,None,9.0,2.8782,6.10333333333
11-01-13 02:56,-74.003578,40.744202,-74.008659,40.704365,None,13.0,6.7329,11.4983333333
11-01-13 17:01,-73.874496,40.774086,-73.924667,40.769245,None,12.0,4.8308,6.94
11-01-13 19:31,-74.004059,40.722027,-73.9944,40.722111,None,6.0,1.1346,2.655
11-01-13 19:42,-73.998718,40.72472,-73.994034,40.746738,None,18.0,3.0799,7.08666666667
11-01-13 20:01,-73.994881,40.747101,-73.97834,40.72905,None,19.0,3.5551,7.825
11-01-13 20:39,-73.98217,40.757053,-73.989594,40.723072,None,21.0,4.9635,9.41833333333
11-01-13 21:01,-73.989594,40.723122,-74.003029,40.734959,None,17.0,2.4378,5.705
11-01-13 21:59,-74.00206,40.732891,-73.995178,40.749962,None,17.0,2.4509,5.71
11-01-13 22:18,-73.994095,40.751175,-73.951172,40.778778,None,14.0,6.2483,8.99833333333
11-01-13 22:51,-73.959396,40.774391,-73.953773,40.779114,None,3.0,0.869,1.53833333333
11-01-13 23:10,-73.974174,40.753834,-73.950996,40.774773,None,8.0,3.8737,5.64166666667
11-01-13 23:28,-73.971024,40.758099,-73.978767,40.737244,None,7.0,2.9331,5.23
11-01-13 23:42,-73.977997,40.742168,-73.987411,40.720219,None,11.0,3.0069,6.74
11-02-13 00:33,-73.987434,40.719929,-74.006523,40.737782,None,18.0,3.1277,7.33
11-02-13 00:52,-74.008011,40.738216,-73.979584,40.78548,None,15.0,6.7921,9.52
11-02-13 02:53,-74.001175,40.722649,-74.000565,40.761791,None,11.0,5.3784,9.73666666667
11-02-13 03:11,-73.986832,40.761082,-74.01059,40.723602,None,14.0,6.373,10.2666666667
11-02-13 03:32,-74.009964,40.72998,-73.994308,40.724796,None,7.0,1.6973,3.725
11-02-13 03:44,-73.987221,40.722397,-73.955124,40.765873,None,17.0,7.3391,8.70333333333
11-02-13 19:26,-73.776962,40.644966,-73.831123,40.702648,None,33.0,10.7373,10.7483333333
11-02-13 20:46,-73.863228,40.769314,-73.969543,40.797871,None,33.0,15.9166,18.8066666667
11-02-13 22:04,-73.952583,40.776493,-73.940727,40.832932,None,14.0,8.8248,9.385
11-02-13 22:32,-73.991333,40.766163,-73.983437,40.762531,None,8.0,0.8091,1.685
11-02-13 22:41,-73.982895,40.762276,-73.96331,40.75592,None,8.0,1.9454,3.01333333333
11-02-13 22:50,-73.96299,40.755791,-73.997467,40.750591,None,22.0,4.4771,6.66666666667
11-02-13 23:20,-73.990532,40.744167,-74.010063,40.720257,None,22.0,4.0633,9.45833333333
11-03-13 01:28,-73.977028,40.786011,-73.98288,40.781948,None,2.0,0.8451,1.55333333333
11-03-13 01:39,-73.991631,40.759937,-73.999336,40.744801,None,5.0,2.0306,3.87666666667
11-03-13 01:45,-73.998779,40.744637,-73.985382,40.740501,None,3.0,1.38,2.96333333333
11-03-13 01:53,-73.973938,40.752472,-73.953247,40.767273,None,7.0,3.0368,4.175
11-03-13 02:04,-73.955719,40.772076,-73.966835,40.757206,None,3.0,1.9026,2.70833333333
11-03-13 02:09,-73.966827,40.756893,-73.957413,40.766006,None,4.0,1.7125,2.76166666667
11-03-13 02:33,-73.978752,40.762276,-73.993103,40.756924,None,7.0,2.17,3.70166666667
11-03-13 02:46,-73.990662,40.761253,-73.944489,40.682404,None,31.0,13.4799,18.11
11-04-13 16:24,-73.862991,40.768963,-73.736435,40.688633,None,40.0,20.5396,19.945
11-04-13 18:13,-73.97467,40.75341,-74.002251,40.726406,None,17.0,4.5976,9.67333333333
11-04-13 18:31,-74.002296,40.726421,-74.01432,40.717033,None,13.0,2.1282,4.57166666667
11-04-13 18:47,-74.015228,40.714104,-74.008766,40.718914,None,6.0,1.0695,2.10166666667
11-04-13 18:57,-74.010597,40.720181,-73.961304,40.769997,None,22.0,9.8221,14.5966666667
11-04-13 19:28,-73.969124,40.760986,-73.963806,40.770988,None,5.0,1.3485,2.04833333333
11-04-13 19:37,-73.966827,40.767063,-73.98645,40.738514,None,13.0,3.8165,6.93333333333
11-04-13 19:54,-73.987823,40.736057,-73.98156,40.779606,None,22.0,6.0975,10.0216666667
11-04-13 20:17,-73.981689,40.779572,-73.952248,40.777859,None,10.0,3.784,5.97333333333
11-04-13 21:42,-73.990395,40.730988,-73.977081,40.687309,None,20.0,5.5614,9.04666666667
11-04-13 22:51,-73.863174,40.769257,-73.939445,40.709118,None,17.0,12.5102,13.81
11-04-13 23:37,-73.870895,40.77375,-73.839317,40.688831,None,15.0,14.231,13.6983333333
11-05-13 16:55,-73.862587,40.768856,-73.949028,40.782631,None,18.0,13.3362,15.8766666667
11-05-13 17:35,-73.971252,40.761101,-73.975594,40.745235,None,8.0,2.2568,3.37
11-05-13 18:05,-74.008209,40.737415,-74.004456,40.721546,None,10.0,2.2497,4.88166666667
11-05-13 18:16,-74.004166,40.722042,-73.995117,40.720116,None,5.0,1.0008,2.37
11-05-13 18:24,-73.997078,40.72403,-74.005775,40.725777,None,6.0,0.9645,2.12
11-05-13 18:31,-74.004341,40.725479,-73.987251,40.775818,None,14.0,6.9425,11.5083333333
11-05-13 19:03,-73.985512,40.761131,-73.979317,40.765114,None,4.0,1.0971,1.86333333333
11-05-13 19:08,-73.979263,40.76482,-73.991974,40.730087,None,26.0,4.7955,9.68166666667
11-05-13 20:12,-74.00499,40.720863,-73.992447,40.724342,None,9.0,1.5299,3.525
11-05-13 21:03,-74.003784,40.722431,-73.988663,40.735462,None,8.0,2.3766,5.565
11-05-13 21:18,-73.992294,40.725407,-73.98275,40.67358,None,17.0,6.3191,9.66833333333
11-05-13 22:13,-73.993851,40.761723,-73.961021,40.777901,None,10.0,4.4793,6.48666666667
11-05-13 23:22,-73.972092,40.759682,-73.982536,40.771294,None,6.0,2.0688,3.34833333333
11-06-13 18:21,-73.863281,40.769356,-73.98912,40.758533,None,46.0,16.4758,18.0383333333
11-06-13 19:13,-73.994019,40.761665,-73.968842,40.754902,None,24.0,2.6046,3.56666666667
11-06-13 19:39,-73.971603,40.755535,-73.989212,40.767761,None,13.0,2.4332,4.15833333333
11-06-13 21:56,-74.004059,40.722092,-73.970604,40.788776,None,25.0,9.9673,14.8416666667
11-07-13 00:23,-73.996674,40.750229,-73.98896,40.758179,None,3.0,1.2176,2.60666666667
11-07-13 02:25,-74.006584,40.716328,-73.991348,40.750149,None,7.0,4.3164,9.96166666667
11-07-13 18:42,-73.862839,40.769073,-73.954391,40.772121,None,23.0,14.1578,16.505
11-07-13 19:46,-73.980583,40.741974,-73.992088,40.725811,None,10.0,2.446,5.37666666667
11-07-13 22:03,-73.974724,40.747711,-73.981018,40.730667,None,9.0,2.3518,5.02833333333
11-07-13 22:15,-73.986465,40.733086,-73.991516,40.760082,None,16.0,4.3233,7.49666666667
11-07-13 22:33,-73.994705,40.7607,-73.995697,40.764301,None,1.0,0.5849,1.01
11-07-13 22:55,-73.983749,40.773743,-73.958107,40.634098,None,38.0,19.6656,24.675
11-05-13 17:05,-73.975349,40.748947,-73.991493,40.727161,None,9.51666666667,3.0927,7.09333333333
11-05-13 17:44,-73.993355,40.730213,-73.981567,40.734287,None,9.2,1.9553,4.36666666667
11-05-13 18:58,-74.00264,40.723671,-73.995621,40.742298,None,8.18333333333,2.5617,5.90333333333
11-05-13 19:14,-73.99913,40.733467,-73.976402,40.725368,None,8.73333333333,2.1882,4.91
11-05-13 19:31,-73.990822,40.730675,-73.999268,40.744293,None,7.23333333333,2.1139,4.6
11-05-13 19:42,-73.989815,40.741768,-74.005524,40.740055,None,7.25,1.9508,4.39833333333
11-05-13 19:51,-74.005753,40.740517,-73.994926,40.750111,None,4.15,1.6511,3.82
11-05-13 20:01,-73.988861,40.752335,-73.985275,40.737659,None,9.83333333333,2.2813,4.71833333333
11-05-13 20:17,-73.99321,40.729633,-74.010704,40.716171,None,9.53333333333,2.4758,5.44166666667
11-05-13 20:38,-74.005966,40.706223,-73.990944,40.717285,None,7.68333333333,2.0353,4.32833333333
11-05-13 20:59,-73.963036,40.758835,-73.956978,40.780838,None,6.41666666667,3.1773,4.57666666667
11-05-13 21:25,-73.980141,40.75552,-73.922485,40.741531,None,17.0,6.9023,8.585
11-05-13 22:05,-73.984451,40.748253,-73.968727,40.756687,None,6.46666666667,2.1496,3.51
11-05-13 23:30,-74.002342,40.726334,-73.982651,40.759792,None,11.2833333333,4.3763,9.43166666667
11-05-13 23:44,-73.985069,40.759579,-74.005699,40.740376,None,11.2333333333,3.3182,6.72666666667
11-06-13 00:26,-74.005196,40.720615,-73.980103,40.748562,None,10.9,4.2245,9.72
11-06-13 16:36,-73.968369,40.755432,-73.998535,40.734016,None,13.1166666667,4.4152,8.355
11-06-13 17:14,-74.011124,40.701847,-73.956924,40.76659,None,14.3666666667,10.1968,10.905
11-06-13 18:26,-73.97879,40.741024,-73.977554,40.72282,None,10.6666666667,2.5832,6.05333333333
11-06-13 18:49,-73.993744,40.729649,-73.974358,40.742542,None,12.9833333333,2.9884,6.765
11-06-13 19:04,-73.976891,40.743649,-73.988373,40.72765,None,5.81666666667,2.0294,4.47666666667
11-06-13 19:32,-74.008888,40.714531,-74.01757,40.706669,None,5.88333333333,1.8239,3.87833333333
11-06-13 20:25,-73.980667,40.780319,-73.97155,40.794762,None,4.56666666667,1.8825,2.625
11-06-13 20:48,-73.981094,40.774323,-73.983543,40.744095,None,17.4166666667,4.4735,6.50333333333
11-06-13 21:07,-73.983597,40.743816,-73.793343,40.737938,None,21.5666666667,17.7604,16.9066666667
11-06-13 22:09,-73.952965,40.783092,-73.968071,40.794003,None,6.86666666667,2.2494,3.84
11-06-13 22:17,-73.968048,40.793987,-73.964104,40.803112,None,4.86666666667,1.6187,2.525
11-06-13 22:29,-73.980309,40.785851,-74.007904,40.731632,None,20.55,7.7092,10.8533333333
11-06-13 22:52,-74.009338,40.729614,-73.994003,40.718174,None,13.6666666667,2.2045,4.98833333333
11-06-13 23:10,-73.989037,40.721512,-73.756012,40.739136,None,32.4,22.9191,24.1683333333
11-01-13 09:50,-73.949265,40.788216,-73.956146,40.778721,None,7.0,1.2046,1.94666666667
11-01-13 11:31,-73.919792,40.813435,-73.992195,40.743492,None,28.0,13.3794,13.2566666667
11-01-13 12:06,-73.989662,40.741467,-73.987991,40.749458,None,11.0,1.4619,3.295
11-01-13 13:10,-73.978111,40.783485,-73.975189,40.790306,None,2.0,0.9415,1.54833333333
11-01-13 13:14,-73.975639,40.791321,-73.97216,40.765427,None,15.0,3.9592,5.46833333333
11-01-13 13:31,-73.974464,40.761898,-73.996017,40.753662,None,19.0,2.824,3.975
11-01-13 14:19,-74.001389,40.750542,-73.979568,40.752453,None,19.0,2.5995,4.57833333333
11-02-13 13:20,-73.97271,40.754932,-73.992088,40.749222,None,20.0,2.8421,4.91166666667
11-02-13 13:45,-73.999603,40.749023,-74.005821,40.737091,None,4.0,1.4474,3.295
11-02-13 13:50,-74.006622,40.737007,-73.972893,40.795677,None,16.0,7.9452,9.58666666667
11-03-13 13:11,-74.010162,40.712307,-73.944145,40.782906,None,13.0,12.2779,12.7683333333
11-03-13 13:35,-73.969475,40.759274,-73.776489,40.645027,None,28.0,25.8016,25.3116666667
11-03-13 15:48,-73.974068,40.747826,-73.98983,40.734612,None,4.0,2.6036,6.33166666667
11-04-13 07:39,-74.009171,40.717361,-73.982018,40.757668,None,26.0,5.2942,11.7683333333
11-04-13 08:06,-73.981361,40.757248,-73.963463,40.774422,None,7.0,2.8177,4.22833333333
11-04-13 08:15,-73.963135,40.775013,-73.981377,40.768841,None,7.0,2.5089,4.23
11-04-13 08:30,-73.971039,40.782913,-73.935165,40.800701,None,20.0,4.9984,7.065
11-04-13 09:30,-73.962624,40.776508,-73.978073,40.757332,None,18.0,2.6078,4.28166666667
11-04-13 10:32,-73.99176,40.759552,-73.978706,40.745811,None,13.0,2.4916,3.66833333333
11-04-13 12:44,-74.010132,40.721123,-74.008835,40.708324,None,9.0,1.7683,3.93666666667
11-04-13 13:04,-74.010246,40.703278,-73.972565,40.763378,None,20.0,10.6994,12.5816666667
11-04-13 13:38,-73.95118,40.791393,-73.944855,40.795017,None,3.0,0.8774,1.67333333333
11-04-13 13:50,-73.948074,40.783047,-73.952469,40.786602,None,3.0,0.8582,1.58666666667
11-04-13 14:02,-73.948105,40.782509,-73.9487,40.774918,None,3.0,1.15,2.08166666667
11-04-13 14:11,-73.955833,40.763355,-73.996498,40.752365,None,21.0,5.4111,7.29833333333
11-04-13 14:43,-73.983437,40.744373,-73.972923,40.754257,None,8.0,2.0428,3.94166666667
11-05-13 12:16,-74.010651,40.720768,-73.99633,40.732185,None,11.0,2.775,5.68833333333
11-05-13 12:47,-74.002892,40.749565,-73.991325,40.743065,None,8.0,1.36,2.925
11-05-13 12:58,-73.990166,40.74044,-73.986931,40.75087,None,16.0,1.522,3.44166666667
11-05-13 13:58,-73.981651,40.7799,-73.982071,40.767731,None,6.0,1.3763,2.20333333333
11-05-13 14:13,-73.983025,40.759266,-73.967453,40.755611,None,22.0,1.964,3.28666666667
11-06-13 11:30,-73.9692,40.753773,-73.973419,40.748322,None,2.0,0.7026,0.945
11-06-13 11:34,-73.976006,40.744461,-73.98455,40.769539,None,25.0,4.1916,6.91666666667
11-06-13 12:02,-73.985916,40.767578,-74.001999,40.745487,None,15.0,2.8062,4.71166666667
11-06-13 12:49,-73.980568,40.759941,-73.971664,40.763893,None,13.0,1.1768,1.80666666667
11-06-13 13:10,-73.963745,40.773949,-73.976433,40.75819,None,20.0,2.6685,4.33333333333
11-06-13 13:40,-73.973495,40.755852,-73.783409,40.643745,None,39.0,27.0499,24.235
11-07-13 05:41,-73.917282,40.743214,-73.981163,40.764446,None,16.0,6.4111,7.63833333333
11-07-13 06:07,-73.98542,40.763538,-73.980865,40.774082,None,4.0,1.5047,2.92333333333
11-07-13 09:07,-73.788124,40.641483,-73.782295,40.644821,None,7.0,0.7575,2.02166666667
11-07-13 10:10,-73.944542,40.834759,-73.993591,40.756931,None,23.0,10.8411,10.0983333333
11-07-13 11:14,-74.008392,40.711666,-73.97081,40.757195,None,23.0,9.03,11.4883333333
11-07-13 11:42,-73.972282,40.756363,-74.006195,40.723518,None,21.0,5.9673,11.8866666667
11-07-13 12:04,-73.972282,40.756363,-73.99147,40.744743,None,34.0,3.5727,6.16333333333
11-07-13 13:13,-73.988762,40.741879,-73.99765,40.725723,None,10.0,2.1535,5.10333333333
11-07-13 13:26,-73.991089,40.730038,-73.98864,40.748283,None,20.0,2.576,5.79
11-07-13 13:51,-73.991554,40.749512,-74.000633,40.735741,None,5.0,1.7489,3.97333333333
11-07-13 14:06,-74.008232,40.737358,-73.98764,40.728725,None,10.0,2.4991,5.515
11-07-13 14:27,-73.976311,40.739567,-74.00399,40.710537,None,9.0,6.2492,8.12833333333
11-01-13 06:57,-73.971725,40.67535,-74.012047,40.713982,None,23.5,6.151,8.79
11-01-13 07:54,-73.990143,40.751198,-73.986,40.742577,None,5.95,1.3201,3.005
11-01-13 08:10,-73.968491,40.75106,-73.953285,40.76836,None,10.25,2.4753,3.47
11-01-13 08:21,-73.953285,40.76836,-74.007256,40.705418,None,18.65,10.0358,10.665
11-01-13 08:54,-74.014839,40.709457,-74.003281,40.724167,None,13.75,2.7089,4.88833333333
11-01-13 09:31,-74.005981,40.7453,-73.973053,40.761166,None,27.4,4.4518,7.485
11-01-13 10:08,-73.959076,40.780708,-73.980194,40.754593,None,23.9833333333,3.6108,5.89166666667
11-01-13 13:51,-73.962715,40.769753,-73.977692,40.758076,None,8.38333333333,2.2125,3.625
11-01-13 14:00,-73.977997,40.757687,-73.9916,40.74995,None,13.4333333333,1.8937,3.08
11-01-13 14:55,-73.956352,40.779766,-73.95668,40.768066,None,7.03333333333,1.7591,2.415
11-01-13 15:05,-73.954567,40.769821,-73.957626,40.78289,None,11.3666666667,2.0761,3.02
11-01-13 15:19,-73.958626,40.78334,-73.954117,40.766365,None,12.4333333333,2.778,4.08333333333
11-01-13 15:52,-73.979095,40.757362,-73.984985,40.748348,None,7.96666666667,1.2262,2.15
11-03-13 06:55,-73.974655,40.680302,-73.997894,40.678162,None,8.65,2.919,5.97
11-03-13 11:05,-73.986473,40.669113,-73.978676,40.644928,None,9.65,3.8224,4.94166666667
11-03-13 11:31,-74.005394,40.7075,-73.98793,40.738052,None,13.2333333333,4.3139,9.61333333333
11-03-13 12:01,-73.991478,40.750256,-73.956947,40.771729,None,15.5833333333,4.9759,7.68666666667
11-03-13 13:51,-73.985291,40.758324,-73.995583,40.767319,None,7.9,1.7678,2.68
11-03-13 14:06,-73.988518,40.774216,-73.985512,40.778282,None,1.63333333333,0.5183,0.73
11-03-13 14:10,-73.985504,40.778286,-73.978607,40.783184,None,3.36666666667,1.0186,1.54333333333
11-03-13 14:29,-73.948334,40.803905,-73.958534,40.815685,None,6.55,2.0055,2.99833333333
11-03-13 14:46,-73.966927,40.804043,-73.975304,40.790352,None,4.43333333333,1.7194,2.315
11-03-13 14:54,-73.972198,40.794048,-73.951218,40.799458,None,11.4666666667,2.6076,3.92166666667
11-03-13 15:30,-73.980263,40.782272,-73.972054,40.793961,None,3.8,1.5201,2.12
11-03-13 15:41,-73.967949,40.803078,-73.985268,40.765285,None,37.1833333333,4.7102,6.35666666667
11-03-13 16:26,-73.983536,40.761253,-73.988152,40.749222,None,4.56666666667,1.845,4.17333333333
11-03-13 16:40,-73.99189,40.750153,-74.016136,40.715202,None,8.63333333333,4.9618,10.245
11-04-13 06:47,-73.992973,40.742844,-73.969704,40.762863,None,8.41666666667,3.5294,6.24333333333
11-04-13 07:01,-73.962273,40.77644,-73.991264,40.748829,None,8.46666666667,4.5256,7.78833333333
11-04-13 07:13,-73.996841,40.742371,-73.973984,40.762833,None,7.25,3.5787,6.88833333333
11-04-13 07:26,-73.982018,40.776932,-73.956749,40.78064,None,9.55,3.3673,5.21333333333
11-04-13 08:21,-73.975494,40.757153,-73.872406,40.774555,None,29.5,11.4966,14.0983333333
11-04-13 12:27,-73.989746,40.762894,-74.006683,40.733704,None,17.5333333333,4.9392,8.62
11-04-13 12:48,-74.006287,40.734463,-73.990532,40.732983,None,10.0166666667,1.8713,3.955
11-04-13 13:00,-73.989754,40.733299,-74.009872,40.720917,None,11.75,3.2541,7.33
11-04-13 13:35,-73.987495,40.754166,-73.988861,40.746452,None,11.5666666667,1.1575,2.745
11-04-13 15:35,-74.002266,40.729813,-73.989906,40.732574,None,6.78333333333,1.5333,3.54333333333
11-04-13 15:48,-73.989059,40.736492,-73.972504,40.761959,None,12.3833333333,3.5275,6.7
11-04-13 16:03,-73.971962,40.76244,-73.949867,40.768982,None,11.4,2.8061,4.25833333333
11-04-13 16:22,-73.945633,40.773609,-73.956009,40.783897,None,8.66666666667,1.8898,3.5
11-04-13 16:32,-73.95639,40.784142,-73.962166,40.773685,None,4.23333333333,1.5284,2.52666666667
11-05-13 05:49,-73.986099,40.673328,-73.946579,40.784187,None,23.6,17.2172,17.7333333333
11-05-13 07:08,-74.007751,40.705143,-73.971893,40.754543,None,12.0333333333,8.7342,10.86
11-05-13 07:48,-73.991928,40.749077,-73.987793,40.741291,None,5.33333333333,1.4278,3.39666666667
11-05-13 08:02,-74.000053,40.733074,-73.990814,40.731621,None,2.95,0.974,2.05166666667
11-05-13 08:48,-74.010063,40.712189,-74.001595,40.721272,None,3.93333333333,1.3388,3.22166666667
11-05-13 09:43,-74.00721,40.715919,-73.952972,40.766613,None,23.8166666667,10.4208,12.5916666667
11-05-13 13:15,-73.958946,40.650959,-73.956085,40.674973,None,10.5666666667,3.6017,5.20666666667
11-05-13 14:58,-73.956314,40.767624,-73.983429,40.745556,None,18.25,4.6058,5.94166666667
11-05-13 16:04,-73.996002,40.748703,-73.989578,40.755638,None,14.3166666667,1.0219,2.3
11-05-13 16:20,-73.989426,40.755653,-73.992645,40.740318,None,8.4,2.1775,4.96666666667
11-05-13 16:38,-73.988556,40.733025,-73.977066,40.726578,None,8.68333333333,1.8371,4.04666666667
11-06-13 06:59,-73.954147,40.7813,-73.975677,40.752087,None,6.35,3.7211,5.60333333333
11-06-13 07:18,-73.943123,40.785393,-73.872856,40.774601,None,12.1333333333,11.4811,13.3033333333
11-06-13 08:30,-73.97805,40.685032,-73.984543,40.692162,None,7.93333333333,1.1009,1.855
11-06-13 08:41,-73.985756,40.691113,-73.989235,40.72768,None,16.8833333333,5.4324,9.01166666667
11-06-13 09:00,-73.986221,40.726337,-73.990585,40.73407,None,4.75,1.1948,2.73666666667
11-06-13 10:36,-74.015312,40.708534,-73.990364,40.756279,None,23.3666666667,6.7613,12.9583333333
11-06-13 11:08,-73.984612,40.757656,-73.99588,40.743683,None,5.06666666667,1.8963,4.29
11-06-13 11:21,-73.990623,40.750202,-74.003517,40.73254,None,5.16666666667,2.2794,5.27166666667
11-06-13 12:08,-73.986931,40.74712,-73.871063,40.774261,None,24.4166666667,14.8224,15.7266666667
11-06-13 14:06,-73.972794,40.793423,-73.977005,40.776672,None,9.38333333333,2.3062,3.09333333333
11-06-13 14:17,-73.977005,40.776672,-73.961571,40.780525,None,5.71666666667,2.1405,3.55
11-06-13 14:33,-73.959198,40.777618,-73.970139,40.762386,None,9.41666666667,1.9764,3.195
11-06-13 14:51,-73.961739,40.767616,-73.954666,40.785282,None,7.5,2.3935,3.72833333333
11-06-13 15:43,-73.958328,40.78141,-73.967415,40.759678,None,20.8833333333,3.2078,5.45833333333
11-06-13 16:06,-73.966209,40.758877,-73.987679,40.738468,None,10.2666666667,3.4414,6.22
11-06-13 16:18,-73.987801,40.738255,-74.0028,40.740799,None,6.4,1.6112,3.49333333333
11-06-13 16:26,-74.004555,40.741722,-74.007217,40.725857,None,9.65,2.2116,4.84833333333
11-06-13 16:42,-74.006332,40.722191,-74.016388,40.711052,None,7.93333333333,1.9576,3.82166666667
11-07-13 07:48,-74.016243,40.705025,-74.00029,40.757523,None,10.9,6.3432,11.3166666667
11-07-13 08:01,-73.995819,40.759167,-74.00264,40.748802,None,8.75,1.9051,3.595
11-07-13 08:12,-74.00296,40.74897,-74.006172,40.733143,None,9.56666666667,2.3286,5.57166666667
11-07-13 09:01,-74.007896,40.731094,-73.993561,40.746986,None,15.1166666667,2.596,5.75
11-07-13 10:29,-73.957634,40.770081,-73.981575,40.745243,None,27.4166666667,4.1524,6.605
11-07-13 11:44,-73.973106,40.75288,-73.989845,40.748749,None,19.6333333333,2.4177,4.02333333333
11-07-13 12:06,-73.989326,40.74852,-74.000816,40.757572,None,21.1166666667,1.842,3.02
11-07-13 12:42,-73.975189,40.790455,-73.975662,40.759144,None,30.4833333333,4.3363,5.985
11-07-13 14:01,-74.009506,40.706371,-73.999962,40.724564,None,14.95,2.4806,5.61666666667
11-07-13 14:19,-73.998642,40.722847,-74.007195,40.748714,None,13.6333333333,3.9282,7.78333333333
11-07-13 14:40,-74.002808,40.744633,-73.99855,40.738102,None,2.81666666667,1.1087,2.44166666667
11-07-13 16:06,-74.008301,40.716572,-74.003105,40.727757,None,4.26666666667,1.4972,3.45
11-07-13 16:12,-74.001999,40.729416,-73.990761,40.717224,None,15.7666666667,2.1041,4.62333333333
11-02-13 09:55,-73.776779,40.645306,-73.993546,40.761761,None,31.3833333333,30.0616,27.5883333333
11-02-13 10:31,-73.99482,40.765816,-74.003754,40.751747,None,4.51666666667,1.8349,3.28833333333
11-02-13 11:01,-73.981361,40.764107,-74.001068,40.746445,None,10.5833333333,3.1046,5.22166666667
11-02-13 11:31,-73.979103,40.776569,-73.963356,40.798771,None,12.8,3.7551,5.54
11-02-13 11:57,-73.981812,40.768177,-73.982506,40.751411,None,7.25,2.5447,3.85833333333
11-02-13 12:06,-73.979912,40.749985,-73.991005,40.742218,None,9.06666666667,1.6786,3.685
11-02-13 12:18,-73.992409,40.743313,-74.003914,40.737404,None,5.25,1.8488,4.42
11-02-13 12:38,-74.003799,40.75309,-73.993828,40.735527,None,11.8333333333,2.8151,5.79166666667
11-02-13 12:54,-73.991547,40.73518,-73.995949,40.726395,None,3.95,1.1326,2.605
